home,away,kickoff,region,bookmaker,outcome,odds
Arsenal,Nottingham Forest,2025-09-13T11:30:00Z,us,FanDuel,Arsenal,1.33
Arsenal,Nottingham Forest,2025-09-13T11:30:00Z,us,FanDuel,Nottingham Forest,8.0
Arsenal,Nottingham Forest,2025-09-13T11:30:00Z,us,FanDuel,Draw,5.0
Arsenal,Nottingham Forest,2025-09-13T11:30:00Z,us,MyBookie.ag,Arsenal,1.36
Arsenal,Nottingham Forest,2025-09-13T11:30:00Z,us,MyBookie.ag,Nottingham Forest,7.8
Arsenal,Nottingham Forest,2025-09-13T11:30:00Z,us,MyBookie.ag,Draw,4.8
Arsenal,Nottingham Forest,2025-09-13T11:30:00Z,us,DraftKings,Arsenal,1.38
Arsenal,Nottingham Forest,2025-09-13T11:30:00Z,us,DraftKings,Nottingham Forest,8.0
Arsenal,Nottingham Forest,2025-09-13T11:30:00Z,us,DraftKings,Draw,5.0
Arsenal,Nottingham Forest,2025-09-13T11:30:00Z,us,Bovada,Arsenal,1.37
Arsenal,Nottingham Forest,2025-09-13T11:30:00Z,us,Bovada,Nottingham Forest,7.75
Arsenal,Nottingham Forest,2025-09-13T11:30:00Z,us,Bovada,Draw,5.1
Arsenal,Nottingham Forest,2025-09-13T11:30:00Z,us,BetRivers,Arsenal,1.34
Arsenal,Nottingham Forest,2025-09-13T11:30:00Z,us,BetRivers,Nottingham Forest,8.5
Arsenal,Nottingham Forest,2025-09-13T11:30:00Z,us,BetRivers,Draw,5.25
Arsenal,Nottingham Forest,2025-09-13T11:30:00Z,us,BetMGM,Arsenal,1.4
Arsenal,Nottingham Forest,2025-09-13T11:30:00Z,us,BetMGM,Nottingham Forest,8.0
Arsenal,Nottingham Forest,2025-09-13T11:30:00Z,us,BetMGM,Draw,4.8
Arsenal,Nottingham Forest,2025-09-13T11:30:00Z,us,LowVig.ag,Arsenal,1.38
Arsenal,Nottingham Forest,2025-09-13T11:30:00Z,us,LowVig.ag,Nottingham Forest,8.4
Arsenal,Nottingham Forest,2025-09-13T11:30:00Z,us,LowVig.ag,Draw,5.25
Arsenal,Nottingham Forest,2025-09-13T11:30:00Z,us,BetOnline.ag,Arsenal,1.38
Arsenal,Nottingham Forest,2025-09-13T11:30:00Z,us,BetOnline.ag,Nottingham Forest,8.4
Arsenal,Nottingham Forest,2025-09-13T11:30:00Z,us,BetOnline.ag,Draw,5.25
Arsenal,Nottingham Forest,2025-09-13T11:30:00Z,us,BetUS,Arsenal,1.38
Arsenal,Nottingham Forest,2025-09-13T11:30:00Z,us,BetUS,Nottingham Forest,8.0
Arsenal,Nottingham Forest,2025-09-13T11:30:00Z,us,BetUS,Draw,5.1
Everton,Aston Villa,2025-09-13T14:00:00Z,us,MyBookie.ag,Aston Villa,2.85
Everton,Aston Villa,2025-09-13T14:00:00Z,us,MyBookie.ag,Everton,2.43
Everton,Aston Villa,2025-09-13T14:00:00Z,us,MyBookie.ag,Draw,3.24
Everton,Aston Villa,2025-09-13T14:00:00Z,us,FanDuel,Aston Villa,2.9
Everton,Aston Villa,2025-09-13T14:00:00Z,us,FanDuel,Everton,2.45
Everton,Aston Villa,2025-09-13T14:00:00Z,us,FanDuel,Draw,3.2
Everton,Aston Villa,2025-09-13T14:00:00Z,us,DraftKings,Aston Villa,2.9
Everton,Aston Villa,2025-09-13T14:00:00Z,us,DraftKings,Everton,2.5
Everton,Aston Villa,2025-09-13T14:00:00Z,us,DraftKings,Draw,3.35
Everton,Aston Villa,2025-09-13T14:00:00Z,us,Bovada,Aston Villa,2.85
Everton,Aston Villa,2025-09-13T14:00:00Z,us,Bovada,Everton,2.49
Everton,Aston Villa,2025-09-13T14:00:00Z,us,Bovada,Draw,3.3
Everton,Aston Villa,2025-09-13T14:00:00Z,us,BetRivers,Aston Villa,2.95
Everton,Aston Villa,2025-09-13T14:00:00Z,us,BetRivers,Everton,2.38
Everton,Aston Villa,2025-09-13T14:00:00Z,us,BetRivers,Draw,3.3
Everton,Aston Villa,2025-09-13T14:00:00Z,us,LowVig.ag,Aston Villa,2.93
Everton,Aston Villa,2025-09-13T14:00:00Z,us,LowVig.ag,Everton,2.5
Everton,Aston Villa,2025-09-13T14:00:00Z,us,LowVig.ag,Draw,3.4
Everton,Aston Villa,2025-09-13T14:00:00Z,us,BetOnline.ag,Aston Villa,2.93
Everton,Aston Villa,2025-09-13T14:00:00Z,us,BetOnline.ag,Everton,2.5
Everton,Aston Villa,2025-09-13T14:00:00Z,us,BetOnline.ag,Draw,3.4
Everton,Aston Villa,2025-09-13T14:00:00Z,us,BetUS,Aston Villa,2.85
Everton,Aston Villa,2025-09-13T14:00:00Z,us,BetUS,Everton,2.45
Everton,Aston Villa,2025-09-13T14:00:00Z,us,BetUS,Draw,3.35
Bournemouth,Brighton and Hove Albion,2025-09-13T14:00:00Z,us,MyBookie.ag,Bournemouth,2.4
Bournemouth,Brighton and Hove Albion,2025-09-13T14:00:00Z,us,MyBookie.ag,Brighton and Hove Albion,2.75
Bournemouth,Brighton and Hove Albion,2025-09-13T14:00:00Z,us,MyBookie.ag,Draw,3.46
Bournemouth,Brighton and Hove Albion,2025-09-13T14:00:00Z,us,FanDuel,Bournemouth,2.4
Bournemouth,Brighton and Hove Albion,2025-09-13T14:00:00Z,us,FanDuel,Brighton and Hove Albion,2.8
Bournemouth,Brighton and Hove Albion,2025-09-13T14:00:00Z,us,FanDuel,Draw,3.4
Bournemouth,Brighton and Hove Albion,2025-09-13T14:00:00Z,us,DraftKings,Bournemouth,2.4
Bournemouth,Brighton and Hove Albion,2025-09-13T14:00:00Z,us,DraftKings,Brighton and Hove Albion,2.85
Bournemouth,Brighton and Hove Albion,2025-09-13T14:00:00Z,us,DraftKings,Draw,3.55
Bournemouth,Brighton and Hove Albion,2025-09-13T14:00:00Z,us,Bovada,Bournemouth,2.44
Bournemouth,Brighton and Hove Albion,2025-09-13T14:00:00Z,us,Bovada,Brighton and Hove Albion,2.8
Bournemouth,Brighton and Hove Albion,2025-09-13T14:00:00Z,us,Bovada,Draw,3.5
Bournemouth,Brighton and Hove Albion,2025-09-13T14:00:00Z,us,BetRivers,Bournemouth,2.45
Bournemouth,Brighton and Hove Albion,2025-09-13T14:00:00Z,us,BetRivers,Brighton and Hove Albion,2.7
Bournemouth,Brighton and Hove Albion,2025-09-13T14:00:00Z,us,BetRivers,Draw,3.55
Bournemouth,Brighton and Hove Albion,2025-09-13T14:00:00Z,us,BetMGM,Bournemouth,2.4
Bournemouth,Brighton and Hove Albion,2025-09-13T14:00:00Z,us,BetMGM,Brighton and Hove Albion,2.8
Bournemouth,Brighton and Hove Albion,2025-09-13T14:00:00Z,us,BetMGM,Draw,3.5
Bournemouth,Brighton and Hove Albion,2025-09-13T14:00:00Z,us,BetOnline.ag,Bournemouth,2.47
Bournemouth,Brighton and Hove Albion,2025-09-13T14:00:00Z,us,BetOnline.ag,Brighton and Hove Albion,2.86
Bournemouth,Brighton and Hove Albion,2025-09-13T14:00:00Z,us,BetOnline.ag,Draw,3.57
Bournemouth,Brighton and Hove Albion,2025-09-13T14:00:00Z,us,LowVig.ag,Bournemouth,2.47
Bournemouth,Brighton and Hove Albion,2025-09-13T14:00:00Z,us,LowVig.ag,Brighton and Hove Albion,2.86
Bournemouth,Brighton and Hove Albion,2025-09-13T14:00:00Z,us,LowVig.ag,Draw,3.57
Bournemouth,Brighton and Hove Albion,2025-09-13T14:00:00Z,us,BetUS,Bournemouth,2.45
Bournemouth,Brighton and Hove Albion,2025-09-13T14:00:00Z,us,BetUS,Brighton and Hove Albion,2.8
Bournemouth,Brighton and Hove Albion,2025-09-13T14:00:00Z,us,BetUS,Draw,3.55
Crystal Palace,Sunderland,2025-09-13T14:00:00Z,us,MyBookie.ag,Crystal Palace,1.64
Crystal Palace,Sunderland,2025-09-13T14:00:00Z,us,MyBookie.ag,Sunderland,5.2
Crystal Palace,Sunderland,2025-09-13T14:00:00Z,us,MyBookie.ag,Draw,3.8
Crystal Palace,Sunderland,2025-09-13T14:00:00Z,us,FanDuel,Crystal Palace,1.59
Crystal Palace,Sunderland,2025-09-13T14:00:00Z,us,FanDuel,Sunderland,5.6
Crystal Palace,Sunderland,2025-09-13T14:00:00Z,us,FanDuel,Draw,3.7
Crystal Palace,Sunderland,2025-09-13T14:00:00Z,us,DraftKings,Crystal Palace,1.67
Crystal Palace,Sunderland,2025-09-13T14:00:00Z,us,DraftKings,Sunderland,5.25
Crystal Palace,Sunderland,2025-09-13T14:00:00Z,us,DraftKings,Draw,3.8
Crystal Palace,Sunderland,2025-09-13T14:00:00Z,us,Bovada,Crystal Palace,1.65
Crystal Palace,Sunderland,2025-09-13T14:00:00Z,us,Bovada,Sunderland,5.45
Crystal Palace,Sunderland,2025-09-13T14:00:00Z,us,Bovada,Draw,3.8
Crystal Palace,Sunderland,2025-09-13T14:00:00Z,us,BetRivers,Crystal Palace,1.64
Crystal Palace,Sunderland,2025-09-13T14:00:00Z,us,BetRivers,Sunderland,5.25
Crystal Palace,Sunderland,2025-09-13T14:00:00Z,us,BetRivers,Draw,3.85
Crystal Palace,Sunderland,2025-09-13T14:00:00Z,us,BetOnline.ag,Crystal Palace,1.67
Crystal Palace,Sunderland,2025-09-13T14:00:00Z,us,BetOnline.ag,Sunderland,5.6
Crystal Palace,Sunderland,2025-09-13T14:00:00Z,us,BetOnline.ag,Draw,3.9
Crystal Palace,Sunderland,2025-09-13T14:00:00Z,us,LowVig.ag,Crystal Palace,1.67
Crystal Palace,Sunderland,2025-09-13T14:00:00Z,us,LowVig.ag,Sunderland,5.6
Crystal Palace,Sunderland,2025-09-13T14:00:00Z,us,LowVig.ag,Draw,3.9
Crystal Palace,Sunderland,2025-09-13T14:00:00Z,us,BetUS,Crystal Palace,1.65
Crystal Palace,Sunderland,2025-09-13T14:00:00Z,us,BetUS,Sunderland,5.45
Crystal Palace,Sunderland,2025-09-13T14:00:00Z,us,BetUS,Draw,3.85
Fulham,Leeds United,2025-09-13T14:00:00Z,us,MyBookie.ag,Fulham,1.93
Fulham,Leeds United,2025-09-13T14:00:00Z,us,MyBookie.ag,Leeds United,3.8
Fulham,Leeds United,2025-09-13T14:00:00Z,us,MyBookie.ag,Draw,3.44
Fulham,Leeds United,2025-09-13T14:00:00Z,us,FanDuel,Fulham,1.95
Fulham,Leeds United,2025-09-13T14:00:00Z,us,FanDuel,Leeds United,3.9
Fulham,Leeds United,2025-09-13T14:00:00Z,us,FanDuel,Draw,3.5
Fulham,Leeds United,2025-09-13T14:00:00Z,us,DraftKings,Fulham,2.0
Fulham,Leeds United,2025-09-13T14:00:00Z,us,DraftKings,Leeds United,3.85
Fulham,Leeds United,2025-09-13T14:00:00Z,us,DraftKings,Draw,3.5
Fulham,Leeds United,2025-09-13T14:00:00Z,us,Bovada,Fulham,1.95
Fulham,Leeds United,2025-09-13T14:00:00Z,us,Bovada,Leeds United,3.9
Fulham,Leeds United,2025-09-13T14:00:00Z,us,Bovada,Draw,3.5
Fulham,Leeds United,2025-09-13T14:00:00Z,us,BetRivers,Fulham,1.95
Fulham,Leeds United,2025-09-13T14:00:00Z,us,BetRivers,Leeds United,3.8
Fulham,Leeds United,2025-09-13T14:00:00Z,us,BetRivers,Draw,3.5
Fulham,Leeds United,2025-09-13T14:00:00Z,us,BetMGM,Fulham,1.91
Fulham,Leeds United,2025-09-13T14:00:00Z,us,BetMGM,Leeds United,3.9
Fulham,Leeds United,2025-09-13T14:00:00Z,us,BetMGM,Draw,3.6
Fulham,Leeds United,2025-09-13T14:00:00Z,us,LowVig.ag,Fulham,1.98
Fulham,Leeds United,2025-09-13T14:00:00Z,us,LowVig.ag,Leeds United,3.97
Fulham,Leeds United,2025-09-13T14:00:00Z,us,LowVig.ag,Draw,3.6
Fulham,Leeds United,2025-09-13T14:00:00Z,us,BetOnline.ag,Fulham,1.98
Fulham,Leeds United,2025-09-13T14:00:00Z,us,BetOnline.ag,Leeds United,3.97
Fulham,Leeds United,2025-09-13T14:00:00Z,us,BetOnline.ag,Draw,3.6
Fulham,Leeds United,2025-09-13T14:00:00Z,us,BetUS,Fulham,1.95
Fulham,Leeds United,2025-09-13T14:00:00Z,us,BetUS,Leeds United,3.9
Fulham,Leeds United,2025-09-13T14:00:00Z,us,BetUS,Draw,3.55
Newcastle United,Wolverhampton Wanderers,2025-09-13T14:00:00Z,us,FanDuel,Newcastle United,1.38
Newcastle United,Wolverhampton Wanderers,2025-09-13T14:00:00Z,us,FanDuel,Wolverhampton Wanderers,7.5
Newcastle United,Wolverhampton Wanderers,2025-09-13T14:00:00Z,us,FanDuel,Draw,4.4
Newcastle United,Wolverhampton Wanderers,2025-09-13T14:00:00Z,us,MyBookie.ag,Newcastle United,1.44
Newcastle United,Wolverhampton Wanderers,2025-09-13T14:00:00Z,us,MyBookie.ag,Wolverhampton Wanderers,6.6
Newcastle United,Wolverhampton Wanderers,2025-09-13T14:00:00Z,us,MyBookie.ag,Draw,4.5
Newcastle United,Wolverhampton Wanderers,2025-09-13T14:00:00Z,us,DraftKings,Newcastle United,1.44
Newcastle United,Wolverhampton Wanderers,2025-09-13T14:00:00Z,us,DraftKings,Wolverhampton Wanderers,7.0
Newcastle United,Wolverhampton Wanderers,2025-09-13T14:00:00Z,us,DraftKings,Draw,4.8
Newcastle United,Wolverhampton Wanderers,2025-09-13T14:00:00Z,us,Bovada,Newcastle United,1.43
Newcastle United,Wolverhampton Wanderers,2025-09-13T14:00:00Z,us,Bovada,Wolverhampton Wanderers,6.75
Newcastle United,Wolverhampton Wanderers,2025-09-13T14:00:00Z,us,Bovada,Draw,4.8
Newcastle United,Wolverhampton Wanderers,2025-09-13T14:00:00Z,us,BetRivers,Newcastle United,1.42
Newcastle United,Wolverhampton Wanderers,2025-09-13T14:00:00Z,us,BetRivers,Wolverhampton Wanderers,7.5
Newcastle United,Wolverhampton Wanderers,2025-09-13T14:00:00Z,us,BetRivers,Draw,4.7
Newcastle United,Wolverhampton Wanderers,2025-09-13T14:00:00Z,us,BetMGM,Newcastle United,1.44
Newcastle United,Wolverhampton Wanderers,2025-09-13T14:00:00Z,us,BetMGM,Wolverhampton Wanderers,6.75
Newcastle United,Wolverhampton Wanderers,2025-09-13T14:00:00Z,us,BetMGM,Draw,4.75
Newcastle United,Wolverhampton Wanderers,2025-09-13T14:00:00Z,us,LowVig.ag,Newcastle United,1.45
Newcastle United,Wolverhampton Wanderers,2025-09-13T14:00:00Z,us,LowVig.ag,Wolverhampton Wanderers,7.0
Newcastle United,Wolverhampton Wanderers,2025-09-13T14:00:00Z,us,LowVig.ag,Draw,4.9
Newcastle United,Wolverhampton Wanderers,2025-09-13T14:00:00Z,us,BetOnline.ag,Newcastle United,1.45
Newcastle United,Wolverhampton Wanderers,2025-09-13T14:00:00Z,us,BetOnline.ag,Wolverhampton Wanderers,7.0
Newcastle United,Wolverhampton Wanderers,2025-09-13T14:00:00Z,us,BetOnline.ag,Draw,4.9
Newcastle United,Wolverhampton Wanderers,2025-09-13T14:00:00Z,us,BetUS,Newcastle United,1.43
Newcastle United,Wolverhampton Wanderers,2025-09-13T14:00:00Z,us,BetUS,Wolverhampton Wanderers,6.89
Newcastle United,Wolverhampton Wanderers,2025-09-13T14:00:00Z,us,BetUS,Draw,4.73
West Ham United,Tottenham Hotspur,2025-09-13T16:30:00Z,us,FanDuel,Tottenham Hotspur,2.05
West Ham United,Tottenham Hotspur,2025-09-13T16:30:00Z,us,FanDuel,West Ham United,3.4
West Ham United,Tottenham Hotspur,2025-09-13T16:30:00Z,us,FanDuel,Draw,3.5
West Ham United,Tottenham Hotspur,2025-09-13T16:30:00Z,us,MyBookie.ag,Tottenham Hotspur,2.1
West Ham United,Tottenham Hotspur,2025-09-13T16:30:00Z,us,MyBookie.ag,West Ham United,3.26
West Ham United,Tottenham Hotspur,2025-09-13T16:30:00Z,us,MyBookie.ag,Draw,3.5
West Ham United,Tottenham Hotspur,2025-09-13T16:30:00Z,us,DraftKings,Tottenham Hotspur,2.15
West Ham United,Tottenham Hotspur,2025-09-13T16:30:00Z,us,DraftKings,West Ham United,3.3
West Ham United,Tottenham Hotspur,2025-09-13T16:30:00Z,us,DraftKings,Draw,3.55
West Ham United,Tottenham Hotspur,2025-09-13T16:30:00Z,us,Bovada,Tottenham Hotspur,2.1
West Ham United,Tottenham Hotspur,2025-09-13T16:30:00Z,us,Bovada,West Ham United,3.35
West Ham United,Tottenham Hotspur,2025-09-13T16:30:00Z,us,Bovada,Draw,3.6
West Ham United,Tottenham Hotspur,2025-09-13T16:30:00Z,us,BetRivers,Tottenham Hotspur,2.07
West Ham United,Tottenham Hotspur,2025-09-13T16:30:00Z,us,BetRivers,West Ham United,3.4
West Ham United,Tottenham Hotspur,2025-09-13T16:30:00Z,us,BetRivers,Draw,3.5
West Ham United,Tottenham Hotspur,2025-09-13T16:30:00Z,us,BetMGM,Tottenham Hotspur,2.1
West Ham United,Tottenham Hotspur,2025-09-13T16:30:00Z,us,BetMGM,West Ham United,3.3
West Ham United,Tottenham Hotspur,2025-09-13T16:30:00Z,us,BetMGM,Draw,3.5
West Ham United,Tottenham Hotspur,2025-09-13T16:30:00Z,us,LowVig.ag,Tottenham Hotspur,2.13
West Ham United,Tottenham Hotspur,2025-09-13T16:30:00Z,us,LowVig.ag,West Ham United,3.42
West Ham United,Tottenham Hotspur,2025-09-13T16:30:00Z,us,LowVig.ag,Draw,3.65
West Ham United,Tottenham Hotspur,2025-09-13T16:30:00Z,us,BetOnline.ag,Tottenham Hotspur,2.13
West Ham United,Tottenham Hotspur,2025-09-13T16:30:00Z,us,BetOnline.ag,West Ham United,3.42
West Ham United,Tottenham Hotspur,2025-09-13T16:30:00Z,us,BetOnline.ag,Draw,3.65
West Ham United,Tottenham Hotspur,2025-09-13T16:30:00Z,us,BetUS,Tottenham Hotspur,2.1
West Ham United,Tottenham Hotspur,2025-09-13T16:30:00Z,us,BetUS,West Ham United,3.35
West Ham United,Tottenham Hotspur,2025-09-13T16:30:00Z,us,BetUS,Draw,3.6
Brentford,Chelsea,2025-09-13T19:00:00Z,us,FanDuel,Brentford,4.7
Brentford,Chelsea,2025-09-13T19:00:00Z,us,FanDuel,Chelsea,1.69
Brentford,Chelsea,2025-09-13T19:00:00Z,us,FanDuel,Draw,3.8
Brentford,Chelsea,2025-09-13T19:00:00Z,us,MyBookie.ag,Brentford,4.4
Brentford,Chelsea,2025-09-13T19:00:00Z,us,MyBookie.ag,Chelsea,1.74
Brentford,Chelsea,2025-09-13T19:00:00Z,us,MyBookie.ag,Draw,3.8
Brentford,Chelsea,2025-09-13T19:00:00Z,us,DraftKings,Brentford,4.5
Brentford,Chelsea,2025-09-13T19:00:00Z,us,DraftKings,Chelsea,1.77
Brentford,Chelsea,2025-09-13T19:00:00Z,us,DraftKings,Draw,3.9
Brentford,Chelsea,2025-09-13T19:00:00Z,us,Bovada,Brentford,4.55
Brentford,Chelsea,2025-09-13T19:00:00Z,us,Bovada,Chelsea,1.74
Brentford,Chelsea,2025-09-13T19:00:00Z,us,Bovada,Draw,3.85
Brentford,Chelsea,2025-09-13T19:00:00Z,us,BetRivers,Brentford,4.5
Brentford,Chelsea,2025-09-13T19:00:00Z,us,BetRivers,Chelsea,1.71
Brentford,Chelsea,2025-09-13T19:00:00Z,us,BetRivers,Draw,3.95
Brentford,Chelsea,2025-09-13T19:00:00Z,us,BetMGM,Brentford,4.4
Brentford,Chelsea,2025-09-13T19:00:00Z,us,BetMGM,Chelsea,1.74
Brentford,Chelsea,2025-09-13T19:00:00Z,us,BetMGM,Draw,3.9
Brentford,Chelsea,2025-09-13T19:00:00Z,us,LowVig.ag,Brentford,4.62
Brentford,Chelsea,2025-09-13T19:00:00Z,us,LowVig.ag,Chelsea,1.77
Brentford,Chelsea,2025-09-13T19:00:00Z,us,LowVig.ag,Draw,3.93
Brentford,Chelsea,2025-09-13T19:00:00Z,us,BetOnline.ag,Brentford,4.62
Brentford,Chelsea,2025-09-13T19:00:00Z,us,BetOnline.ag,Chelsea,1.77
Brentford,Chelsea,2025-09-13T19:00:00Z,us,BetOnline.ag,Draw,3.93
Brentford,Chelsea,2025-09-13T19:00:00Z,us,BetUS,Brentford,4.6
Brentford,Chelsea,2025-09-13T19:00:00Z,us,BetUS,Chelsea,1.74
Brentford,Chelsea,2025-09-13T19:00:00Z,us,BetUS,Draw,3.9
Burnley,Liverpool,2025-09-14T13:00:00Z,us,FanDuel,Burnley,8.0
Burnley,Liverpool,2025-09-14T13:00:00Z,us,FanDuel,Liverpool,1.29
Burnley,Liverpool,2025-09-14T13:00:00Z,us,FanDuel,Draw,5.6
Burnley,Liverpool,2025-09-14T13:00:00Z,us,MyBookie.ag,Burnley,9.0
Burnley,Liverpool,2025-09-14T13:00:00Z,us,MyBookie.ag,Liverpool,1.29
Burnley,Liverpool,2025-09-14T13:00:00Z,us,MyBookie.ag,Draw,5.2
Burnley,Liverpool,2025-09-14T13:00:00Z,us,DraftKings,Burnley,8.5
Burnley,Liverpool,2025-09-14T13:00:00Z,us,DraftKings,Liverpool,1.31
Burnley,Liverpool,2025-09-14T13:00:00Z,us,DraftKings,Draw,5.5
Burnley,Liverpool,2025-09-14T13:00:00Z,us,Bovada,Burnley,9.0
Burnley,Liverpool,2025-09-14T13:00:00Z,us,Bovada,Liverpool,1.31
Burnley,Liverpool,2025-09-14T13:00:00Z,us,Bovada,Draw,5.6
Burnley,Liverpool,2025-09-14T13:00:00Z,us,BetRivers,Burnley,9.5
Burnley,Liverpool,2025-09-14T13:00:00Z,us,BetRivers,Liverpool,1.32
Burnley,Liverpool,2025-09-14T13:00:00Z,us,BetRivers,Draw,5.2
Burnley,Liverpool,2025-09-14T13:00:00Z,us,BetMGM,Burnley,9.0
Burnley,Liverpool,2025-09-14T13:00:00Z,us,BetMGM,Liverpool,1.31
Burnley,Liverpool,2025-09-14T13:00:00Z,us,BetMGM,Draw,5.75
Burnley,Liverpool,2025-09-14T13:00:00Z,us,LowVig.ag,Burnley,9.57
Burnley,Liverpool,2025-09-14T13:00:00Z,us,LowVig.ag,Liverpool,1.32
Burnley,Liverpool,2025-09-14T13:00:00Z,us,LowVig.ag,Draw,5.82
Burnley,Liverpool,2025-09-14T13:00:00Z,us,BetOnline.ag,Burnley,9.57
Burnley,Liverpool,2025-09-14T13:00:00Z,us,BetOnline.ag,Liverpool,1.32
Burnley,Liverpool,2025-09-14T13:00:00Z,us,BetOnline.ag,Draw,5.82
Burnley,Liverpool,2025-09-14T13:00:00Z,us,BetUS,Burnley,9.25
Burnley,Liverpool,2025-09-14T13:00:00Z,us,BetUS,Liverpool,1.31
Burnley,Liverpool,2025-09-14T13:00:00Z,us,BetUS,Draw,5.6
Manchester City,Manchester United,2025-09-14T15:30:00Z,us,FanDuel,Manchester City,1.67
Manchester City,Manchester United,2025-09-14T15:30:00Z,us,FanDuel,Manchester United,4.5
Manchester City,Manchester United,2025-09-14T15:30:00Z,us,FanDuel,Draw,4.0
Manchester City,Manchester United,2025-09-14T15:30:00Z,us,MyBookie.ag,Manchester City,1.67
Manchester City,Manchester United,2025-09-14T15:30:00Z,us,MyBookie.ag,Manchester United,4.5
Manchester City,Manchester United,2025-09-14T15:30:00Z,us,MyBookie.ag,Draw,3.85
Manchester City,Manchester United,2025-09-14T15:30:00Z,us,DraftKings,Manchester City,1.69
Manchester City,Manchester United,2025-09-14T15:30:00Z,us,DraftKings,Manchester United,4.5
Manchester City,Manchester United,2025-09-14T15:30:00Z,us,DraftKings,Draw,4.1
Manchester City,Manchester United,2025-09-14T15:30:00Z,us,Bovada,Manchester City,1.68
Manchester City,Manchester United,2025-09-14T15:30:00Z,us,Bovada,Manchester United,4.65
Manchester City,Manchester United,2025-09-14T15:30:00Z,us,Bovada,Draw,4.1
Manchester City,Manchester United,2025-09-14T15:30:00Z,us,BetRivers,Manchester City,1.67
Manchester City,Manchester United,2025-09-14T15:30:00Z,us,BetRivers,Manchester United,4.7
Manchester City,Manchester United,2025-09-14T15:30:00Z,us,BetRivers,Draw,4.0
Manchester City,Manchester United,2025-09-14T15:30:00Z,us,BetMGM,Manchester City,1.67
Manchester City,Manchester United,2025-09-14T15:30:00Z,us,BetMGM,Manchester United,4.6
Manchester City,Manchester United,2025-09-14T15:30:00Z,us,BetMGM,Draw,4.1
Manchester City,Manchester United,2025-09-14T15:30:00Z,us,LowVig.ag,Manchester City,1.7
Manchester City,Manchester United,2025-09-14T15:30:00Z,us,LowVig.ag,Manchester United,4.8
Manchester City,Manchester United,2025-09-14T15:30:00Z,us,LowVig.ag,Draw,4.18
Manchester City,Manchester United,2025-09-14T15:30:00Z,us,BetOnline.ag,Manchester City,1.7
Manchester City,Manchester United,2025-09-14T15:30:00Z,us,BetOnline.ag,Manchester United,4.8
Manchester City,Manchester United,2025-09-14T15:30:00Z,us,BetOnline.ag,Draw,4.18
Manchester City,Manchester United,2025-09-14T15:30:00Z,us,BetUS,Manchester City,1.67
Manchester City,Manchester United,2025-09-14T15:30:00Z,us,BetUS,Manchester United,4.75
Manchester City,Manchester United,2025-09-14T15:30:00Z,us,BetUS,Draw,4.2
Liverpool,Everton,2025-09-20T11:30:00Z,us,FanDuel,Everton,7.0
Liverpool,Everton,2025-09-20T11:30:00Z,us,FanDuel,Liverpool,1.37
Liverpool,Everton,2025-09-20T11:30:00Z,us,FanDuel,Draw,4.8
Liverpool,Everton,2025-09-20T11:30:00Z,us,MyBookie.ag,Everton,6.6
Liverpool,Everton,2025-09-20T11:30:00Z,us,MyBookie.ag,Liverpool,1.39
Liverpool,Everton,2025-09-20T11:30:00Z,us,MyBookie.ag,Draw,4.7
Liverpool,Everton,2025-09-20T11:30:00Z,us,DraftKings,Everton,7.0
Liverpool,Everton,2025-09-20T11:30:00Z,us,DraftKings,Liverpool,1.39
Liverpool,Everton,2025-09-20T11:30:00Z,us,DraftKings,Draw,4.7
Liverpool,Everton,2025-09-20T11:30:00Z,us,Bovada,Everton,7.25
Liverpool,Everton,2025-09-20T11:30:00Z,us,Bovada,Liverpool,1.4
Liverpool,Everton,2025-09-20T11:30:00Z,us,Bovada,Draw,4.85
Liverpool,Everton,2025-09-20T11:30:00Z,us,BetRivers,Everton,7.0
Liverpool,Everton,2025-09-20T11:30:00Z,us,BetRivers,Liverpool,1.42
Liverpool,Everton,2025-09-20T11:30:00Z,us,BetRivers,Draw,4.75
Brighton and Hove Albion,Tottenham Hotspur,2025-09-20T14:00:00Z,us,FanDuel,Brighton and Hove Albion,2.05
Brighton and Hove Albion,Tottenham Hotspur,2025-09-20T14:00:00Z,us,FanDuel,Tottenham Hotspur,3.3
Brighton and Hove Albion,Tottenham Hotspur,2025-09-20T14:00:00Z,us,FanDuel,Draw,3.7
Brighton and Hove Albion,Tottenham Hotspur,2025-09-20T14:00:00Z,us,MyBookie.ag,Brighton and Hove Albion,2.01
Brighton and Hove Albion,Tottenham Hotspur,2025-09-20T14:00:00Z,us,MyBookie.ag,Tottenham Hotspur,3.26
Brighton and Hove Albion,Tottenham Hotspur,2025-09-20T14:00:00Z,us,MyBookie.ag,Draw,3.65
Brighton and Hove Albion,Tottenham Hotspur,2025-09-20T14:00:00Z,us,DraftKings,Brighton and Hove Albion,2.0
Brighton and Hove Albion,Tottenham Hotspur,2025-09-20T14:00:00Z,us,DraftKings,Tottenham Hotspur,3.3
Brighton and Hove Albion,Tottenham Hotspur,2025-09-20T14:00:00Z,us,DraftKings,Draw,3.65
Brighton and Hove Albion,Tottenham Hotspur,2025-09-20T14:00:00Z,us,Bovada,Brighton and Hove Albion,2.08
Brighton and Hove Albion,Tottenham Hotspur,2025-09-20T14:00:00Z,us,Bovada,Tottenham Hotspur,3.3
Brighton and Hove Albion,Tottenham Hotspur,2025-09-20T14:00:00Z,us,Bovada,Draw,3.7
Brighton and Hove Albion,Tottenham Hotspur,2025-09-20T14:00:00Z,us,BetRivers,Brighton and Hove Albion,2.05
Brighton and Hove Albion,Tottenham Hotspur,2025-09-20T14:00:00Z,us,BetRivers,Tottenham Hotspur,3.25
Brighton and Hove Albion,Tottenham Hotspur,2025-09-20T14:00:00Z,us,BetRivers,Draw,3.8
Burnley,Nottingham Forest,2025-09-20T14:00:00Z,us,MyBookie.ag,Burnley,3.38
Burnley,Nottingham Forest,2025-09-20T14:00:00Z,us,MyBookie.ag,Nottingham Forest,2.06
Burnley,Nottingham Forest,2025-09-20T14:00:00Z,us,MyBookie.ag,Draw,3.36
Burnley,Nottingham Forest,2025-09-20T14:00:00Z,us,FanDuel,Burnley,3.5
Burnley,Nottingham Forest,2025-09-20T14:00:00Z,us,FanDuel,Nottingham Forest,2.1
Burnley,Nottingham Forest,2025-09-20T14:00:00Z,us,FanDuel,Draw,3.4
Burnley,Nottingham Forest,2025-09-20T14:00:00Z,us,DraftKings,Burnley,3.35
Burnley,Nottingham Forest,2025-09-20T14:00:00Z,us,DraftKings,Nottingham Forest,2.1
Burnley,Nottingham Forest,2025-09-20T14:00:00Z,us,DraftKings,Draw,3.35
Burnley,Nottingham Forest,2025-09-20T14:00:00Z,us,Bovada,Burnley,3.4
Burnley,Nottingham Forest,2025-09-20T14:00:00Z,us,Bovada,Nottingham Forest,2.14
Burnley,Nottingham Forest,2025-09-20T14:00:00Z,us,Bovada,Draw,3.45
Burnley,Nottingham Forest,2025-09-20T14:00:00Z,us,BetRivers,Burnley,3.65
Burnley,Nottingham Forest,2025-09-20T14:00:00Z,us,BetRivers,Nottingham Forest,2.0
Burnley,Nottingham Forest,2025-09-20T14:00:00Z,us,BetRivers,Draw,3.5
West Ham United,Crystal Palace,2025-09-20T14:00:00Z,us,FanDuel,Crystal Palace,2.45
West Ham United,Crystal Palace,2025-09-20T14:00:00Z,us,FanDuel,West Ham United,2.85
West Ham United,Crystal Palace,2025-09-20T14:00:00Z,us,FanDuel,Draw,3.3
West Ham United,Crystal Palace,2025-09-20T14:00:00Z,us,MyBookie.ag,Crystal Palace,2.25
West Ham United,Crystal Palace,2025-09-20T14:00:00Z,us,MyBookie.ag,West Ham United,2.86
West Ham United,Crystal Palace,2025-09-20T14:00:00Z,us,MyBookie.ag,Draw,3.48
West Ham United,Crystal Palace,2025-09-20T14:00:00Z,us,DraftKings,Crystal Palace,2.45
West Ham United,Crystal Palace,2025-09-20T14:00:00Z,us,DraftKings,West Ham United,2.8
West Ham United,Crystal Palace,2025-09-20T14:00:00Z,us,DraftKings,Draw,3.35
West Ham United,Crystal Palace,2025-09-20T14:00:00Z,us,Bovada,Crystal Palace,2.47
West Ham United,Crystal Palace,2025-09-20T14:00:00Z,us,Bovada,West Ham United,2.85
West Ham United,Crystal Palace,2025-09-20T14:00:00Z,us,Bovada,Draw,3.35
West Ham United,Crystal Palace,2025-09-20T14:00:00Z,us,BetRivers,Crystal Palace,2.45
West Ham United,Crystal Palace,2025-09-20T14:00:00Z,us,BetRivers,West Ham United,2.8
West Ham United,Crystal Palace,2025-09-20T14:00:00Z,us,BetRivers,Draw,3.4
Wolverhampton Wanderers,Leeds United,2025-09-20T14:00:00Z,us,MyBookie.ag,Leeds United,2.68
Wolverhampton Wanderers,Leeds United,2025-09-20T14:00:00Z,us,MyBookie.ag,Wolverhampton Wanderers,2.45
Wolverhampton Wanderers,Leeds United,2025-09-20T14:00:00Z,us,MyBookie.ag,Draw,3.35
Wolverhampton Wanderers,Leeds United,2025-09-20T14:00:00Z,us,FanDuel,Leeds United,2.95
Wolverhampton Wanderers,Leeds United,2025-09-20T14:00:00Z,us,FanDuel,Wolverhampton Wanderers,2.4
Wolverhampton Wanderers,Leeds United,2025-09-20T14:00:00Z,us,FanDuel,Draw,3.2
Wolverhampton Wanderers,Leeds United,2025-09-20T14:00:00Z,us,DraftKings,Leeds United,2.9
Wolverhampton Wanderers,Leeds United,2025-09-20T14:00:00Z,us,DraftKings,Wolverhampton Wanderers,2.4
Wolverhampton Wanderers,Leeds United,2025-09-20T14:00:00Z,us,DraftKings,Draw,3.2
Wolverhampton Wanderers,Leeds United,2025-09-20T14:00:00Z,us,Bovada,Leeds United,3.0
Wolverhampton Wanderers,Leeds United,2025-09-20T14:00:00Z,us,Bovada,Wolverhampton Wanderers,2.43
Wolverhampton Wanderers,Leeds United,2025-09-20T14:00:00Z,us,Bovada,Draw,3.2
Wolverhampton Wanderers,Leeds United,2025-09-20T14:00:00Z,us,BetRivers,Leeds United,2.95
Wolverhampton Wanderers,Leeds United,2025-09-20T14:00:00Z,us,BetRivers,Wolverhampton Wanderers,2.38
Wolverhampton Wanderers,Leeds United,2025-09-20T14:00:00Z,us,BetRivers,Draw,3.35
Manchester United,Chelsea,2025-09-20T16:30:00Z,us,FanDuel,Chelsea,2.55
Manchester United,Chelsea,2025-09-20T16:30:00Z,us,FanDuel,Manchester United,2.65
Manchester United,Chelsea,2025-09-20T16:30:00Z,us,FanDuel,Draw,3.4
Manchester United,Chelsea,2025-09-20T16:30:00Z,us,MyBookie.ag,Chelsea,2.41
Manchester United,Chelsea,2025-09-20T16:30:00Z,us,MyBookie.ag,Manchester United,2.52
Manchester United,Chelsea,2025-09-20T16:30:00Z,us,MyBookie.ag,Draw,3.72
Manchester United,Chelsea,2025-09-20T16:30:00Z,us,DraftKings,Chelsea,2.4
Manchester United,Chelsea,2025-09-20T16:30:00Z,us,DraftKings,Manchester United,2.7
Manchester United,Chelsea,2025-09-20T16:30:00Z,us,DraftKings,Draw,3.45
Manchester United,Chelsea,2025-09-20T16:30:00Z,us,Bovada,Chelsea,2.47
Manchester United,Chelsea,2025-09-20T16:30:00Z,us,Bovada,Manchester United,2.72
Manchester United,Chelsea,2025-09-20T16:30:00Z,us,Bovada,Draw,3.6
Manchester United,Chelsea,2025-09-20T16:30:00Z,us,BetRivers,Chelsea,2.4
Manchester United,Chelsea,2025-09-20T16:30:00Z,us,BetRivers,Manchester United,2.65
Manchester United,Chelsea,2025-09-20T16:30:00Z,us,BetRivers,Draw,3.75
Fulham,Brentford,2025-09-20T19:00:00Z,us,MyBookie.ag,Brentford,3.44
Fulham,Brentford,2025-09-20T19:00:00Z,us,MyBookie.ag,Fulham,2.0
Fulham,Brentford,2025-09-20T19:00:00Z,us,MyBookie.ag,Draw,3.46
Fulham,Brentford,2025-09-20T19:00:00Z,us,FanDuel,Brentford,3.6
Fulham,Brentford,2025-09-20T19:00:00Z,us,FanDuel,Fulham,2.0
Fulham,Brentford,2025-09-20T19:00:00Z,us,FanDuel,Draw,3.5
Fulham,Brentford,2025-09-20T19:00:00Z,us,DraftKings,Brentford,3.4
Fulham,Brentford,2025-09-20T19:00:00Z,us,DraftKings,Fulham,2.05
Fulham,Brentford,2025-09-20T19:00:00Z,us,DraftKings,Draw,3.45
Fulham,Brentford,2025-09-20T19:00:00Z,us,Bovada,Brentford,3.6
Fulham,Brentford,2025-09-20T19:00:00Z,us,Bovada,Fulham,2.03
Fulham,Brentford,2025-09-20T19:00:00Z,us,Bovada,Draw,3.5
Fulham,Brentford,2025-09-20T19:00:00Z,us,BetRivers,Brentford,3.35
Fulham,Brentford,2025-09-20T19:00:00Z,us,BetRivers,Fulham,2.04
Fulham,Brentford,2025-09-20T19:00:00Z,us,BetRivers,Draw,3.7
Sunderland,Aston Villa,2025-09-21T13:00:00Z,us,MyBookie.ag,Aston Villa,1.88
Sunderland,Aston Villa,2025-09-21T13:00:00Z,us,MyBookie.ag,Sunderland,3.75
Sunderland,Aston Villa,2025-09-21T13:00:00Z,us,MyBookie.ag,Draw,3.5
Sunderland,Aston Villa,2025-09-21T13:00:00Z,us,FanDuel,Aston Villa,1.91
Sunderland,Aston Villa,2025-09-21T13:00:00Z,us,FanDuel,Sunderland,4.1
Sunderland,Aston Villa,2025-09-21T13:00:00Z,us,FanDuel,Draw,3.5
Sunderland,Aston Villa,2025-09-21T13:00:00Z,us,DraftKings,Aston Villa,1.87
Sunderland,Aston Villa,2025-09-21T13:00:00Z,us,DraftKings,Sunderland,3.85
Sunderland,Aston Villa,2025-09-21T13:00:00Z,us,DraftKings,Draw,3.5
Sunderland,Aston Villa,2025-09-21T13:00:00Z,us,Bovada,Aston Villa,1.92
Sunderland,Aston Villa,2025-09-21T13:00:00Z,us,Bovada,Sunderland,3.95
Sunderland,Aston Villa,2025-09-21T13:00:00Z,us,Bovada,Draw,3.55
Sunderland,Aston Villa,2025-09-21T13:00:00Z,us,BetRivers,Aston Villa,1.88
Sunderland,Aston Villa,2025-09-21T13:00:00Z,us,BetRivers,Sunderland,3.95
Sunderland,Aston Villa,2025-09-21T13:00:00Z,us,BetRivers,Draw,3.6
Bournemouth,Newcastle United,2025-09-21T13:00:00Z,us,MyBookie.ag,Bournemouth,2.54
Bournemouth,Newcastle United,2025-09-21T13:00:00Z,us,MyBookie.ag,Newcastle United,2.52
Bournemouth,Newcastle United,2025-09-21T13:00:00Z,us,MyBookie.ag,Draw,3.44
Bournemouth,Newcastle United,2025-09-21T13:00:00Z,us,FanDuel,Bournemouth,2.6
Bournemouth,Newcastle United,2025-09-21T13:00:00Z,us,FanDuel,Newcastle United,2.6
Bournemouth,Newcastle United,2025-09-21T13:00:00Z,us,FanDuel,Draw,3.5
Bournemouth,Newcastle United,2025-09-21T13:00:00Z,us,Bovada,Bournemouth,2.55
Bournemouth,Newcastle United,2025-09-21T13:00:00Z,us,Bovada,Newcastle United,2.66
Bournemouth,Newcastle United,2025-09-21T13:00:00Z,us,Bovada,Draw,3.5
Bournemouth,Newcastle United,2025-09-21T13:00:00Z,us,BetRivers,Bournemouth,2.6
Bournemouth,Newcastle United,2025-09-21T13:00:00Z,us,BetRivers,Newcastle United,2.55
Bournemouth,Newcastle United,2025-09-21T13:00:00Z,us,BetRivers,Draw,3.6
Arsenal,Manchester City,2025-09-21T15:30:00Z,us,FanDuel,Arsenal,2.0
Arsenal,Manchester City,2025-09-21T15:30:00Z,us,FanDuel,Manchester City,3.7
Arsenal,Manchester City,2025-09-21T15:30:00Z,us,FanDuel,Draw,3.6
Arsenal,Manchester City,2025-09-21T15:30:00Z,us,MyBookie.ag,Arsenal,1.96
Arsenal,Manchester City,2025-09-21T15:30:00Z,us,MyBookie.ag,Manchester City,3.48
Arsenal,Manchester City,2025-09-21T15:30:00Z,us,MyBookie.ag,Draw,3.55
Arsenal,Manchester City,2025-09-21T15:30:00Z,us,DraftKings,Arsenal,2.0
Arsenal,Manchester City,2025-09-21T15:30:00Z,us,DraftKings,Manchester City,3.5
Arsenal,Manchester City,2025-09-21T15:30:00Z,us,DraftKings,Draw,3.6
Arsenal,Manchester City,2025-09-21T15:30:00Z,us,Bovada,Arsenal,1.94
Arsenal,Manchester City,2025-09-21T15:30:00Z,us,Bovada,Manchester City,3.7
Arsenal,Manchester City,2025-09-21T15:30:00Z,us,Bovada,Draw,3.7
Arsenal,Manchester City,2025-09-21T15:30:00Z,us,BetRivers,Arsenal,2.07
Arsenal,Manchester City,2025-09-21T15:30:00Z,us,BetRivers,Manchester City,3.4
Arsenal,Manchester City,2025-09-21T15:30:00Z,us,BetRivers,Draw,3.55
Arsenal,Nottingham Forest,2025-09-13T11:30:00Z,uk,Paddy Power,Arsenal,1.33
Arsenal,Nottingham Forest,2025-09-13T11:30:00Z,uk,Paddy Power,Nottingham Forest,8.5
Arsenal,Nottingham Forest,2025-09-13T11:30:00Z,uk,Paddy Power,Draw,5.0
Arsenal,Nottingham Forest,2025-09-13T11:30:00Z,uk,Smarkets,Arsenal,1.4
Arsenal,Nottingham Forest,2025-09-13T11:30:00Z,uk,Smarkets,Nottingham Forest,9.4
Arsenal,Nottingham Forest,2025-09-13T11:30:00Z,uk,Smarkets,Draw,5.4
Arsenal,Nottingham Forest,2025-09-13T11:30:00Z,uk,Smarkets,Arsenal,1.41
Arsenal,Nottingham Forest,2025-09-13T11:30:00Z,uk,Smarkets,Nottingham Forest,9.6
Arsenal,Nottingham Forest,2025-09-13T11:30:00Z,uk,Smarkets,Draw,5.6
Arsenal,Nottingham Forest,2025-09-13T11:30:00Z,uk,Bet Victor,Arsenal,1.33
Arsenal,Nottingham Forest,2025-09-13T11:30:00Z,uk,Bet Victor,Nottingham Forest,8.5
Arsenal,Nottingham Forest,2025-09-13T11:30:00Z,uk,Bet Victor,Draw,4.8
Arsenal,Nottingham Forest,2025-09-13T11:30:00Z,uk,Betway,Arsenal,1.38
Arsenal,Nottingham Forest,2025-09-13T11:30:00Z,uk,Betway,Nottingham Forest,8.0
Arsenal,Nottingham Forest,2025-09-13T11:30:00Z,uk,Betway,Draw,4.75
Arsenal,Nottingham Forest,2025-09-13T11:30:00Z,uk,888sport,Arsenal,1.36
Arsenal,Nottingham Forest,2025-09-13T11:30:00Z,uk,888sport,Nottingham Forest,8.0
Arsenal,Nottingham Forest,2025-09-13T11:30:00Z,uk,888sport,Draw,4.8
Arsenal,Nottingham Forest,2025-09-13T11:30:00Z,uk,William Hill,Arsenal,1.36
Arsenal,Nottingham Forest,2025-09-13T11:30:00Z,uk,William Hill,Nottingham Forest,8.0
Arsenal,Nottingham Forest,2025-09-13T11:30:00Z,uk,William Hill,Draw,4.8
Arsenal,Nottingham Forest,2025-09-13T11:30:00Z,uk,BoyleSports,Arsenal,1.36
Arsenal,Nottingham Forest,2025-09-13T11:30:00Z,uk,BoyleSports,Nottingham Forest,8.0
Arsenal,Nottingham Forest,2025-09-13T11:30:00Z,uk,BoyleSports,Draw,4.75
Arsenal,Nottingham Forest,2025-09-13T11:30:00Z,uk,Betfair,Arsenal,1.4
Arsenal,Nottingham Forest,2025-09-13T11:30:00Z,uk,Betfair,Nottingham Forest,9.4
Arsenal,Nottingham Forest,2025-09-13T11:30:00Z,uk,Betfair,Draw,5.5
Arsenal,Nottingham Forest,2025-09-13T11:30:00Z,uk,Betfair,Arsenal,1.41
Arsenal,Nottingham Forest,2025-09-13T11:30:00Z,uk,Betfair,Nottingham Forest,9.6
Arsenal,Nottingham Forest,2025-09-13T11:30:00Z,uk,Betfair,Draw,5.6
Arsenal,Nottingham Forest,2025-09-13T11:30:00Z,uk,LeoVegas,Arsenal,1.36
Arsenal,Nottingham Forest,2025-09-13T11:30:00Z,uk,LeoVegas,Nottingham Forest,8.5
Arsenal,Nottingham Forest,2025-09-13T11:30:00Z,uk,LeoVegas,Draw,5.4
Arsenal,Nottingham Forest,2025-09-13T11:30:00Z,uk,Virgin Bet,Arsenal,1.27
Arsenal,Nottingham Forest,2025-09-13T11:30:00Z,uk,Virgin Bet,Nottingham Forest,8.0
Arsenal,Nottingham Forest,2025-09-13T11:30:00Z,uk,Virgin Bet,Draw,5.0
Arsenal,Nottingham Forest,2025-09-13T11:30:00Z,uk,Unibet,Arsenal,1.35
Arsenal,Nottingham Forest,2025-09-13T11:30:00Z,uk,Unibet,Nottingham Forest,8.5
Arsenal,Nottingham Forest,2025-09-13T11:30:00Z,uk,Unibet,Draw,5.3
Arsenal,Nottingham Forest,2025-09-13T11:30:00Z,uk,Casumo,Arsenal,1.34
Arsenal,Nottingham Forest,2025-09-13T11:30:00Z,uk,Casumo,Nottingham Forest,8.5
Arsenal,Nottingham Forest,2025-09-13T11:30:00Z,uk,Casumo,Draw,5.25
Arsenal,Nottingham Forest,2025-09-13T11:30:00Z,uk,LiveScore Bet,Arsenal,1.27
Arsenal,Nottingham Forest,2025-09-13T11:30:00Z,uk,LiveScore Bet,Nottingham Forest,8.0
Arsenal,Nottingham Forest,2025-09-13T11:30:00Z,uk,LiveScore Bet,Draw,5.0
Arsenal,Nottingham Forest,2025-09-13T11:30:00Z,uk,Grosvenor,Arsenal,1.34
Arsenal,Nottingham Forest,2025-09-13T11:30:00Z,uk,Grosvenor,Nottingham Forest,8.5
Arsenal,Nottingham Forest,2025-09-13T11:30:00Z,uk,Grosvenor,Draw,5.25
Arsenal,Nottingham Forest,2025-09-13T11:30:00Z,uk,Betfair Sportsbook,Arsenal,1.33
Arsenal,Nottingham Forest,2025-09-13T11:30:00Z,uk,Betfair Sportsbook,Nottingham Forest,8.0
Arsenal,Nottingham Forest,2025-09-13T11:30:00Z,uk,Betfair Sportsbook,Draw,4.2
Arsenal,Nottingham Forest,2025-09-13T11:30:00Z,uk,Coral,Arsenal,1.4
Arsenal,Nottingham Forest,2025-09-13T11:30:00Z,uk,Coral,Nottingham Forest,8.0
Arsenal,Nottingham Forest,2025-09-13T11:30:00Z,uk,Coral,Draw,4.8
Arsenal,Nottingham Forest,2025-09-13T11:30:00Z,uk,Ladbrokes,Arsenal,1.4
Arsenal,Nottingham Forest,2025-09-13T11:30:00Z,uk,Ladbrokes,Nottingham Forest,7.5
Arsenal,Nottingham Forest,2025-09-13T11:30:00Z,uk,Ladbrokes,Draw,4.8
Arsenal,Nottingham Forest,2025-09-13T11:30:00Z,uk,Sky Bet,Arsenal,1.33
Arsenal,Nottingham Forest,2025-09-13T11:30:00Z,uk,Sky Bet,Nottingham Forest,8.0
Arsenal,Nottingham Forest,2025-09-13T11:30:00Z,uk,Sky Bet,Draw,4.8
Arsenal,Nottingham Forest,2025-09-13T11:30:00Z,uk,Matchbook,Arsenal,1.4
Arsenal,Nottingham Forest,2025-09-13T11:30:00Z,uk,Matchbook,Nottingham Forest,9.4
Arsenal,Nottingham Forest,2025-09-13T11:30:00Z,uk,Matchbook,Draw,5.5
Arsenal,Nottingham Forest,2025-09-13T11:30:00Z,uk,Matchbook,Arsenal,1.41
Arsenal,Nottingham Forest,2025-09-13T11:30:00Z,uk,Matchbook,Nottingham Forest,9.8
Arsenal,Nottingham Forest,2025-09-13T11:30:00Z,uk,Matchbook,Draw,5.6
Everton,Aston Villa,2025-09-13T14:00:00Z,uk,Paddy Power,Aston Villa,2.88
Everton,Aston Villa,2025-09-13T14:00:00Z,uk,Paddy Power,Everton,2.45
Everton,Aston Villa,2025-09-13T14:00:00Z,uk,Paddy Power,Draw,3.2
Everton,Aston Villa,2025-09-13T14:00:00Z,uk,Smarkets,Aston Villa,3.05
Everton,Aston Villa,2025-09-13T14:00:00Z,uk,Smarkets,Everton,2.56
Everton,Aston Villa,2025-09-13T14:00:00Z,uk,Smarkets,Draw,3.4
Everton,Aston Villa,2025-09-13T14:00:00Z,uk,Smarkets,Aston Villa,3.15
Everton,Aston Villa,2025-09-13T14:00:00Z,uk,Smarkets,Everton,2.6
Everton,Aston Villa,2025-09-13T14:00:00Z,uk,Smarkets,Draw,3.45
Everton,Aston Villa,2025-09-13T14:00:00Z,uk,Bet Victor,Aston Villa,2.8
Everton,Aston Villa,2025-09-13T14:00:00Z,uk,Bet Victor,Everton,2.4
Everton,Aston Villa,2025-09-13T14:00:00Z,uk,Bet Victor,Draw,3.25
Everton,Aston Villa,2025-09-13T14:00:00Z,uk,Betway,Aston Villa,2.8
Everton,Aston Villa,2025-09-13T14:00:00Z,uk,Betway,Everton,2.5
Everton,Aston Villa,2025-09-13T14:00:00Z,uk,Betway,Draw,3.25
Everton,Aston Villa,2025-09-13T14:00:00Z,uk,888sport,Aston Villa,2.9
Everton,Aston Villa,2025-09-13T14:00:00Z,uk,888sport,Everton,2.45
Everton,Aston Villa,2025-09-13T14:00:00Z,uk,888sport,Draw,3.2
Everton,Aston Villa,2025-09-13T14:00:00Z,uk,William Hill,Aston Villa,2.9
Everton,Aston Villa,2025-09-13T14:00:00Z,uk,William Hill,Everton,2.45
Everton,Aston Villa,2025-09-13T14:00:00Z,uk,William Hill,Draw,3.2
Everton,Aston Villa,2025-09-13T14:00:00Z,uk,BoyleSports,Aston Villa,2.75
Everton,Aston Villa,2025-09-13T14:00:00Z,uk,BoyleSports,Everton,2.5
Everton,Aston Villa,2025-09-13T14:00:00Z,uk,BoyleSports,Draw,3.25
Everton,Aston Villa,2025-09-13T14:00:00Z,uk,Betfair,Aston Villa,3.1
Everton,Aston Villa,2025-09-13T14:00:00Z,uk,Betfair,Everton,2.58
Everton,Aston Villa,2025-09-13T14:00:00Z,uk,Betfair,Draw,3.4
Everton,Aston Villa,2025-09-13T14:00:00Z,uk,Betfair,Aston Villa,3.15
Everton,Aston Villa,2025-09-13T14:00:00Z,uk,Betfair,Everton,2.6
Everton,Aston Villa,2025-09-13T14:00:00Z,uk,Betfair,Draw,3.45
Everton,Aston Villa,2025-09-13T14:00:00Z,uk,Virgin Bet,Aston Villa,2.8
Everton,Aston Villa,2025-09-13T14:00:00Z,uk,Virgin Bet,Everton,2.25
Everton,Aston Villa,2025-09-13T14:00:00Z,uk,Virgin Bet,Draw,3.1
Everton,Aston Villa,2025-09-13T14:00:00Z,uk,LeoVegas,Aston Villa,3.0
Everton,Aston Villa,2025-09-13T14:00:00Z,uk,LeoVegas,Everton,2.43
Everton,Aston Villa,2025-09-13T14:00:00Z,uk,LeoVegas,Draw,3.35
Everton,Aston Villa,2025-09-13T14:00:00Z,uk,Unibet,Aston Villa,3.0
Everton,Aston Villa,2025-09-13T14:00:00Z,uk,Unibet,Everton,2.4
Everton,Aston Villa,2025-09-13T14:00:00Z,uk,Unibet,Draw,3.3
Everton,Aston Villa,2025-09-13T14:00:00Z,uk,Casumo,Aston Villa,2.95
Everton,Aston Villa,2025-09-13T14:00:00Z,uk,Casumo,Everton,2.4
Everton,Aston Villa,2025-09-13T14:00:00Z,uk,Casumo,Draw,3.3
Everton,Aston Villa,2025-09-13T14:00:00Z,uk,LiveScore Bet,Aston Villa,2.8
Everton,Aston Villa,2025-09-13T14:00:00Z,uk,LiveScore Bet,Everton,2.25
Everton,Aston Villa,2025-09-13T14:00:00Z,uk,LiveScore Bet,Draw,3.1
Everton,Aston Villa,2025-09-13T14:00:00Z,uk,Grosvenor,Aston Villa,2.95
Everton,Aston Villa,2025-09-13T14:00:00Z,uk,Grosvenor,Everton,2.38
Everton,Aston Villa,2025-09-13T14:00:00Z,uk,Grosvenor,Draw,3.3
Everton,Aston Villa,2025-09-13T14:00:00Z,uk,Betfair Sportsbook,Aston Villa,2.7
Everton,Aston Villa,2025-09-13T14:00:00Z,uk,Betfair Sportsbook,Everton,2.4
Everton,Aston Villa,2025-09-13T14:00:00Z,uk,Betfair Sportsbook,Draw,2.88
Everton,Aston Villa,2025-09-13T14:00:00Z,uk,Coral,Aston Villa,2.87
Everton,Aston Villa,2025-09-13T14:00:00Z,uk,Coral,Everton,2.5
Everton,Aston Villa,2025-09-13T14:00:00Z,uk,Coral,Draw,3.25
Everton,Aston Villa,2025-09-13T14:00:00Z,uk,Ladbrokes,Aston Villa,2.87
Everton,Aston Villa,2025-09-13T14:00:00Z,uk,Ladbrokes,Everton,2.45
Everton,Aston Villa,2025-09-13T14:00:00Z,uk,Ladbrokes,Draw,3.25
Everton,Aston Villa,2025-09-13T14:00:00Z,uk,Sky Bet,Aston Villa,2.88
Everton,Aston Villa,2025-09-13T14:00:00Z,uk,Sky Bet,Everton,2.45
Everton,Aston Villa,2025-09-13T14:00:00Z,uk,Sky Bet,Draw,3.2
Everton,Aston Villa,2025-09-13T14:00:00Z,uk,Matchbook,Aston Villa,3.1
Everton,Aston Villa,2025-09-13T14:00:00Z,uk,Matchbook,Everton,2.58
Everton,Aston Villa,2025-09-13T14:00:00Z,uk,Matchbook,Draw,3.4
Everton,Aston Villa,2025-09-13T14:00:00Z,uk,Matchbook,Aston Villa,3.15
Everton,Aston Villa,2025-09-13T14:00:00Z,uk,Matchbook,Everton,2.62
Everton,Aston Villa,2025-09-13T14:00:00Z,uk,Matchbook,Draw,3.45
Bournemouth,Brighton and Hove Albion,2025-09-13T14:00:00Z,uk,Paddy Power,Bournemouth,2.4
Bournemouth,Brighton and Hove Albion,2025-09-13T14:00:00Z,uk,Paddy Power,Brighton and Hove Albion,2.8
Bournemouth,Brighton and Hove Albion,2025-09-13T14:00:00Z,uk,Paddy Power,Draw,3.4
Bournemouth,Brighton and Hove Albion,2025-09-13T14:00:00Z,uk,Smarkets,Bournemouth,2.5
Bournemouth,Brighton and Hove Albion,2025-09-13T14:00:00Z,uk,Smarkets,Brighton and Hove Albion,2.94
Bournemouth,Brighton and Hove Albion,2025-09-13T14:00:00Z,uk,Smarkets,Draw,3.6
Bournemouth,Brighton and Hove Albion,2025-09-13T14:00:00Z,uk,Smarkets,Bournemouth,2.56
Bournemouth,Brighton and Hove Albion,2025-09-13T14:00:00Z,uk,Smarkets,Brighton and Hove Albion,3.0
Bournemouth,Brighton and Hove Albion,2025-09-13T14:00:00Z,uk,Smarkets,Draw,3.7
Bournemouth,Brighton and Hove Albion,2025-09-13T14:00:00Z,uk,Bet Victor,Bournemouth,2.38
Bournemouth,Brighton and Hove Albion,2025-09-13T14:00:00Z,uk,Bet Victor,Brighton and Hove Albion,2.7
Bournemouth,Brighton and Hove Albion,2025-09-13T14:00:00Z,uk,Bet Victor,Draw,3.5
Bournemouth,Brighton and Hove Albion,2025-09-13T14:00:00Z,uk,888sport,Bournemouth,2.4
Bournemouth,Brighton and Hove Albion,2025-09-13T14:00:00Z,uk,888sport,Brighton and Hove Albion,2.8
Bournemouth,Brighton and Hove Albion,2025-09-13T14:00:00Z,uk,888sport,Draw,3.4
Bournemouth,Brighton and Hove Albion,2025-09-13T14:00:00Z,uk,William Hill,Bournemouth,2.4
Bournemouth,Brighton and Hove Albion,2025-09-13T14:00:00Z,uk,William Hill,Brighton and Hove Albion,2.8
Bournemouth,Brighton and Hove Albion,2025-09-13T14:00:00Z,uk,William Hill,Draw,3.4
Bournemouth,Brighton and Hove Albion,2025-09-13T14:00:00Z,uk,Betway,Bournemouth,2.4
Bournemouth,Brighton and Hove Albion,2025-09-13T14:00:00Z,uk,Betway,Brighton and Hove Albion,2.75
Bournemouth,Brighton and Hove Albion,2025-09-13T14:00:00Z,uk,Betway,Draw,3.5
Bournemouth,Brighton and Hove Albion,2025-09-13T14:00:00Z,uk,BoyleSports,Bournemouth,2.38
Bournemouth,Brighton and Hove Albion,2025-09-13T14:00:00Z,uk,BoyleSports,Brighton and Hove Albion,2.8
Bournemouth,Brighton and Hove Albion,2025-09-13T14:00:00Z,uk,BoyleSports,Draw,3.4
Bournemouth,Brighton and Hove Albion,2025-09-13T14:00:00Z,uk,Betfair,Bournemouth,2.52
Bournemouth,Brighton and Hove Albion,2025-09-13T14:00:00Z,uk,Betfair,Brighton and Hove Albion,2.96
Bournemouth,Brighton and Hove Albion,2025-09-13T14:00:00Z,uk,Betfair,Draw,3.65
Bournemouth,Brighton and Hove Albion,2025-09-13T14:00:00Z,uk,Betfair,Bournemouth,2.56
Bournemouth,Brighton and Hove Albion,2025-09-13T14:00:00Z,uk,Betfair,Brighton and Hove Albion,3.0
Bournemouth,Brighton and Hove Albion,2025-09-13T14:00:00Z,uk,Betfair,Draw,3.7
Bournemouth,Brighton and Hove Albion,2025-09-13T14:00:00Z,uk,LeoVegas,Bournemouth,2.5
Bournemouth,Brighton and Hove Albion,2025-09-13T14:00:00Z,uk,LeoVegas,Brighton and Hove Albion,2.75
Bournemouth,Brighton and Hove Albion,2025-09-13T14:00:00Z,uk,LeoVegas,Draw,3.6
Bournemouth,Brighton and Hove Albion,2025-09-13T14:00:00Z,uk,Virgin Bet,Bournemouth,2.35
Bournemouth,Brighton and Hove Albion,2025-09-13T14:00:00Z,uk,Virgin Bet,Brighton and Hove Albion,2.6
Bournemouth,Brighton and Hove Albion,2025-09-13T14:00:00Z,uk,Virgin Bet,Draw,3.4
Bournemouth,Brighton and Hove Albion,2025-09-13T14:00:00Z,uk,Unibet,Bournemouth,2.48
Bournemouth,Brighton and Hove Albion,2025-09-13T14:00:00Z,uk,Unibet,Brighton and Hove Albion,2.75
Bournemouth,Brighton and Hove Albion,2025-09-13T14:00:00Z,uk,Unibet,Draw,3.6
Bournemouth,Brighton and Hove Albion,2025-09-13T14:00:00Z,uk,Casumo,Bournemouth,2.48
Bournemouth,Brighton and Hove Albion,2025-09-13T14:00:00Z,uk,Casumo,Brighton and Hove Albion,2.7
Bournemouth,Brighton and Hove Albion,2025-09-13T14:00:00Z,uk,Casumo,Draw,3.55
Bournemouth,Brighton and Hove Albion,2025-09-13T14:00:00Z,uk,LiveScore Bet,Bournemouth,2.35
Bournemouth,Brighton and Hove Albion,2025-09-13T14:00:00Z,uk,LiveScore Bet,Brighton and Hove Albion,2.6
Bournemouth,Brighton and Hove Albion,2025-09-13T14:00:00Z,uk,LiveScore Bet,Draw,3.4
Bournemouth,Brighton and Hove Albion,2025-09-13T14:00:00Z,uk,Grosvenor,Bournemouth,2.45
Bournemouth,Brighton and Hove Albion,2025-09-13T14:00:00Z,uk,Grosvenor,Brighton and Hove Albion,2.7
Bournemouth,Brighton and Hove Albion,2025-09-13T14:00:00Z,uk,Grosvenor,Draw,3.55
Bournemouth,Brighton and Hove Albion,2025-09-13T14:00:00Z,uk,Betfair Sportsbook,Bournemouth,2.3
Bournemouth,Brighton and Hove Albion,2025-09-13T14:00:00Z,uk,Betfair Sportsbook,Brighton and Hove Albion,2.63
Bournemouth,Brighton and Hove Albion,2025-09-13T14:00:00Z,uk,Betfair Sportsbook,Draw,3.1
Bournemouth,Brighton and Hove Albion,2025-09-13T14:00:00Z,uk,Coral,Bournemouth,2.4
Bournemouth,Brighton and Hove Albion,2025-09-13T14:00:00Z,uk,Coral,Brighton and Hove Albion,2.8
Bournemouth,Brighton and Hove Albion,2025-09-13T14:00:00Z,uk,Coral,Draw,3.5
Bournemouth,Brighton and Hove Albion,2025-09-13T14:00:00Z,uk,Ladbrokes,Bournemouth,2.37
Bournemouth,Brighton and Hove Albion,2025-09-13T14:00:00Z,uk,Ladbrokes,Brighton and Hove Albion,2.75
Bournemouth,Brighton and Hove Albion,2025-09-13T14:00:00Z,uk,Ladbrokes,Draw,3.5
Bournemouth,Brighton and Hove Albion,2025-09-13T14:00:00Z,uk,Sky Bet,Bournemouth,2.38
Bournemouth,Brighton and Hove Albion,2025-09-13T14:00:00Z,uk,Sky Bet,Brighton and Hove Albion,2.8
Bournemouth,Brighton and Hove Albion,2025-09-13T14:00:00Z,uk,Sky Bet,Draw,3.4
Bournemouth,Brighton and Hove Albion,2025-09-13T14:00:00Z,uk,Matchbook,Bournemouth,2.54
Bournemouth,Brighton and Hove Albion,2025-09-13T14:00:00Z,uk,Matchbook,Brighton and Hove Albion,2.96
Bournemouth,Brighton and Hove Albion,2025-09-13T14:00:00Z,uk,Matchbook,Draw,3.65
Bournemouth,Brighton and Hove Albion,2025-09-13T14:00:00Z,uk,Matchbook,Bournemouth,2.56
Bournemouth,Brighton and Hove Albion,2025-09-13T14:00:00Z,uk,Matchbook,Brighton and Hove Albion,3.0
Bournemouth,Brighton and Hove Albion,2025-09-13T14:00:00Z,uk,Matchbook,Draw,3.7
Crystal Palace,Sunderland,2025-09-13T14:00:00Z,uk,Paddy Power,Crystal Palace,1.62
Crystal Palace,Sunderland,2025-09-13T14:00:00Z,uk,Paddy Power,Sunderland,5.5
Crystal Palace,Sunderland,2025-09-13T14:00:00Z,uk,Paddy Power,Draw,3.75
Crystal Palace,Sunderland,2025-09-13T14:00:00Z,uk,Smarkets,Crystal Palace,1.7
Crystal Palace,Sunderland,2025-09-13T14:00:00Z,uk,Smarkets,Sunderland,5.9
Crystal Palace,Sunderland,2025-09-13T14:00:00Z,uk,Smarkets,Draw,4.0
Crystal Palace,Sunderland,2025-09-13T14:00:00Z,uk,Smarkets,Crystal Palace,1.72
Crystal Palace,Sunderland,2025-09-13T14:00:00Z,uk,Smarkets,Sunderland,6.0
Crystal Palace,Sunderland,2025-09-13T14:00:00Z,uk,Smarkets,Draw,4.1
Crystal Palace,Sunderland,2025-09-13T14:00:00Z,uk,Bet Victor,Crystal Palace,1.61
Crystal Palace,Sunderland,2025-09-13T14:00:00Z,uk,Bet Victor,Sunderland,5.25
Crystal Palace,Sunderland,2025-09-13T14:00:00Z,uk,Bet Victor,Draw,3.75
Crystal Palace,Sunderland,2025-09-13T14:00:00Z,uk,Betway,Crystal Palace,1.65
Crystal Palace,Sunderland,2025-09-13T14:00:00Z,uk,Betway,Sunderland,5.25
Crystal Palace,Sunderland,2025-09-13T14:00:00Z,uk,Betway,Draw,3.75
Crystal Palace,Sunderland,2025-09-13T14:00:00Z,uk,888sport,Crystal Palace,1.67
Crystal Palace,Sunderland,2025-09-13T14:00:00Z,uk,888sport,Sunderland,5.0
Crystal Palace,Sunderland,2025-09-13T14:00:00Z,uk,888sport,Draw,3.7
Crystal Palace,Sunderland,2025-09-13T14:00:00Z,uk,William Hill,Crystal Palace,1.67
Crystal Palace,Sunderland,2025-09-13T14:00:00Z,uk,William Hill,Sunderland,5.0
Crystal Palace,Sunderland,2025-09-13T14:00:00Z,uk,William Hill,Draw,3.7
Crystal Palace,Sunderland,2025-09-13T14:00:00Z,uk,BoyleSports,Crystal Palace,1.62
Crystal Palace,Sunderland,2025-09-13T14:00:00Z,uk,BoyleSports,Sunderland,5.0
Crystal Palace,Sunderland,2025-09-13T14:00:00Z,uk,BoyleSports,Draw,3.6
Crystal Palace,Sunderland,2025-09-13T14:00:00Z,uk,Betfair,Crystal Palace,1.71
Crystal Palace,Sunderland,2025-09-13T14:00:00Z,uk,Betfair,Sunderland,5.9
Crystal Palace,Sunderland,2025-09-13T14:00:00Z,uk,Betfair,Draw,4.0
Crystal Palace,Sunderland,2025-09-13T14:00:00Z,uk,Betfair,Crystal Palace,1.72
Crystal Palace,Sunderland,2025-09-13T14:00:00Z,uk,Betfair,Sunderland,6.2
Crystal Palace,Sunderland,2025-09-13T14:00:00Z,uk,Betfair,Draw,4.1
Crystal Palace,Sunderland,2025-09-13T14:00:00Z,uk,Virgin Bet,Crystal Palace,1.57
Crystal Palace,Sunderland,2025-09-13T14:00:00Z,uk,Virgin Bet,Sunderland,5.0
Crystal Palace,Sunderland,2025-09-13T14:00:00Z,uk,Virgin Bet,Draw,3.7
Crystal Palace,Sunderland,2025-09-13T14:00:00Z,uk,LeoVegas,Crystal Palace,1.68
Crystal Palace,Sunderland,2025-09-13T14:00:00Z,uk,LeoVegas,Sunderland,5.3
Crystal Palace,Sunderland,2025-09-13T14:00:00Z,uk,LeoVegas,Draw,3.95
Crystal Palace,Sunderland,2025-09-13T14:00:00Z,uk,Unibet,Crystal Palace,1.66
Crystal Palace,Sunderland,2025-09-13T14:00:00Z,uk,Unibet,Sunderland,5.3
Crystal Palace,Sunderland,2025-09-13T14:00:00Z,uk,Unibet,Draw,3.9
Crystal Palace,Sunderland,2025-09-13T14:00:00Z,uk,Casumo,Crystal Palace,1.65
Crystal Palace,Sunderland,2025-09-13T14:00:00Z,uk,Casumo,Sunderland,5.25
Crystal Palace,Sunderland,2025-09-13T14:00:00Z,uk,Casumo,Draw,3.9
Crystal Palace,Sunderland,2025-09-13T14:00:00Z,uk,LiveScore Bet,Crystal Palace,1.57
Crystal Palace,Sunderland,2025-09-13T14:00:00Z,uk,LiveScore Bet,Sunderland,5.0
Crystal Palace,Sunderland,2025-09-13T14:00:00Z,uk,LiveScore Bet,Draw,3.7
Crystal Palace,Sunderland,2025-09-13T14:00:00Z,uk,Grosvenor,Crystal Palace,1.64
Crystal Palace,Sunderland,2025-09-13T14:00:00Z,uk,Grosvenor,Sunderland,5.25
Crystal Palace,Sunderland,2025-09-13T14:00:00Z,uk,Grosvenor,Draw,3.85
Crystal Palace,Sunderland,2025-09-13T14:00:00Z,uk,Betfair Sportsbook,Crystal Palace,1.62
Crystal Palace,Sunderland,2025-09-13T14:00:00Z,uk,Betfair Sportsbook,Sunderland,5.0
Crystal Palace,Sunderland,2025-09-13T14:00:00Z,uk,Betfair Sportsbook,Draw,3.3
Crystal Palace,Sunderland,2025-09-13T14:00:00Z,uk,Coral,Crystal Palace,1.61
Crystal Palace,Sunderland,2025-09-13T14:00:00Z,uk,Coral,Sunderland,5.25
Crystal Palace,Sunderland,2025-09-13T14:00:00Z,uk,Coral,Draw,3.9
Crystal Palace,Sunderland,2025-09-13T14:00:00Z,uk,Ladbrokes,Crystal Palace,1.61
Crystal Palace,Sunderland,2025-09-13T14:00:00Z,uk,Ladbrokes,Sunderland,5.25
Crystal Palace,Sunderland,2025-09-13T14:00:00Z,uk,Ladbrokes,Draw,3.9
Crystal Palace,Sunderland,2025-09-13T14:00:00Z,uk,Sky Bet,Crystal Palace,1.62
Crystal Palace,Sunderland,2025-09-13T14:00:00Z,uk,Sky Bet,Sunderland,5.5
Crystal Palace,Sunderland,2025-09-13T14:00:00Z,uk,Sky Bet,Draw,3.75
Crystal Palace,Sunderland,2025-09-13T14:00:00Z,uk,Matchbook,Crystal Palace,1.71
Crystal Palace,Sunderland,2025-09-13T14:00:00Z,uk,Matchbook,Sunderland,6.0
Crystal Palace,Sunderland,2025-09-13T14:00:00Z,uk,Matchbook,Draw,4.0
Crystal Palace,Sunderland,2025-09-13T14:00:00Z,uk,Matchbook,Crystal Palace,1.72
Crystal Palace,Sunderland,2025-09-13T14:00:00Z,uk,Matchbook,Sunderland,6.2
Crystal Palace,Sunderland,2025-09-13T14:00:00Z,uk,Matchbook,Draw,4.1
Fulham,Leeds United,2025-09-13T14:00:00Z,uk,Smarkets,Fulham,2.0
Fulham,Leeds United,2025-09-13T14:00:00Z,uk,Smarkets,Leeds United,4.0
Fulham,Leeds United,2025-09-13T14:00:00Z,uk,Smarkets,Draw,3.65
Fulham,Leeds United,2025-09-13T14:00:00Z,uk,Smarkets,Fulham,2.06
Fulham,Leeds United,2025-09-13T14:00:00Z,uk,Smarkets,Leeds United,4.3
Fulham,Leeds United,2025-09-13T14:00:00Z,uk,Smarkets,Draw,3.75
Fulham,Leeds United,2025-09-13T14:00:00Z,uk,888sport,Fulham,1.91
Fulham,Leeds United,2025-09-13T14:00:00Z,uk,888sport,Leeds United,3.8
Fulham,Leeds United,2025-09-13T14:00:00Z,uk,888sport,Draw,3.5
Fulham,Leeds United,2025-09-13T14:00:00Z,uk,William Hill,Fulham,1.91
Fulham,Leeds United,2025-09-13T14:00:00Z,uk,William Hill,Leeds United,3.8
Fulham,Leeds United,2025-09-13T14:00:00Z,uk,William Hill,Draw,3.5
Fulham,Leeds United,2025-09-13T14:00:00Z,uk,Bet Victor,Fulham,1.93
Fulham,Leeds United,2025-09-13T14:00:00Z,uk,Bet Victor,Leeds United,3.8
Fulham,Leeds United,2025-09-13T14:00:00Z,uk,Bet Victor,Draw,3.4
Fulham,Leeds United,2025-09-13T14:00:00Z,uk,Paddy Power,Fulham,1.95
Fulham,Leeds United,2025-09-13T14:00:00Z,uk,Paddy Power,Leeds United,3.8
Fulham,Leeds United,2025-09-13T14:00:00Z,uk,Paddy Power,Draw,3.5
Fulham,Leeds United,2025-09-13T14:00:00Z,uk,Betway,Fulham,2.0
Fulham,Leeds United,2025-09-13T14:00:00Z,uk,Betway,Leeds United,3.6
Fulham,Leeds United,2025-09-13T14:00:00Z,uk,Betway,Draw,3.5
Fulham,Leeds United,2025-09-13T14:00:00Z,uk,BoyleSports,Fulham,1.91
Fulham,Leeds United,2025-09-13T14:00:00Z,uk,BoyleSports,Leeds United,3.8
Fulham,Leeds United,2025-09-13T14:00:00Z,uk,BoyleSports,Draw,3.4
Fulham,Leeds United,2025-09-13T14:00:00Z,uk,Betfair,Fulham,2.02
Fulham,Leeds United,2025-09-13T14:00:00Z,uk,Betfair,Leeds United,4.1
Fulham,Leeds United,2025-09-13T14:00:00Z,uk,Betfair,Draw,3.7
Fulham,Leeds United,2025-09-13T14:00:00Z,uk,Betfair,Fulham,2.06
Fulham,Leeds United,2025-09-13T14:00:00Z,uk,Betfair,Leeds United,4.3
Fulham,Leeds United,2025-09-13T14:00:00Z,uk,Betfair,Draw,3.75
Fulham,Leeds United,2025-09-13T14:00:00Z,uk,LeoVegas,Fulham,2.0
Fulham,Leeds United,2025-09-13T14:00:00Z,uk,LeoVegas,Leeds United,3.85
Fulham,Leeds United,2025-09-13T14:00:00Z,uk,LeoVegas,Draw,3.6
Fulham,Leeds United,2025-09-13T14:00:00Z,uk,Unibet,Fulham,1.97
Fulham,Leeds United,2025-09-13T14:00:00Z,uk,Unibet,Leeds United,3.8
Fulham,Leeds United,2025-09-13T14:00:00Z,uk,Unibet,Draw,3.55
Fulham,Leeds United,2025-09-13T14:00:00Z,uk,Virgin Bet,Fulham,1.87
Fulham,Leeds United,2025-09-13T14:00:00Z,uk,Virgin Bet,Leeds United,3.6
Fulham,Leeds United,2025-09-13T14:00:00Z,uk,Virgin Bet,Draw,3.35
Fulham,Leeds United,2025-09-13T14:00:00Z,uk,Casumo,Fulham,1.96
Fulham,Leeds United,2025-09-13T14:00:00Z,uk,Casumo,Leeds United,3.8
Fulham,Leeds United,2025-09-13T14:00:00Z,uk,Casumo,Draw,3.5
Fulham,Leeds United,2025-09-13T14:00:00Z,uk,LiveScore Bet,Fulham,1.87
Fulham,Leeds United,2025-09-13T14:00:00Z,uk,LiveScore Bet,Leeds United,3.6
Fulham,Leeds United,2025-09-13T14:00:00Z,uk,LiveScore Bet,Draw,3.35
Fulham,Leeds United,2025-09-13T14:00:00Z,uk,Grosvenor,Fulham,1.95
Fulham,Leeds United,2025-09-13T14:00:00Z,uk,Grosvenor,Leeds United,3.8
Fulham,Leeds United,2025-09-13T14:00:00Z,uk,Grosvenor,Draw,3.5
Fulham,Leeds United,2025-09-13T14:00:00Z,uk,Coral,Fulham,1.91
Fulham,Leeds United,2025-09-13T14:00:00Z,uk,Coral,Leeds United,3.9
Fulham,Leeds United,2025-09-13T14:00:00Z,uk,Coral,Draw,3.6
Fulham,Leeds United,2025-09-13T14:00:00Z,uk,Ladbrokes,Fulham,1.91
Fulham,Leeds United,2025-09-13T14:00:00Z,uk,Ladbrokes,Leeds United,3.9
Fulham,Leeds United,2025-09-13T14:00:00Z,uk,Ladbrokes,Draw,3.6
Fulham,Leeds United,2025-09-13T14:00:00Z,uk,Betfair Sportsbook,Fulham,1.83
Fulham,Leeds United,2025-09-13T14:00:00Z,uk,Betfair Sportsbook,Leeds United,3.75
Fulham,Leeds United,2025-09-13T14:00:00Z,uk,Betfair Sportsbook,Draw,3.0
Fulham,Leeds United,2025-09-13T14:00:00Z,uk,Sky Bet,Fulham,1.95
Fulham,Leeds United,2025-09-13T14:00:00Z,uk,Sky Bet,Leeds United,3.8
Fulham,Leeds United,2025-09-13T14:00:00Z,uk,Sky Bet,Draw,3.4
Fulham,Leeds United,2025-09-13T14:00:00Z,uk,Matchbook,Fulham,2.02
Fulham,Leeds United,2025-09-13T14:00:00Z,uk,Matchbook,Leeds United,4.1
Fulham,Leeds United,2025-09-13T14:00:00Z,uk,Matchbook,Draw,3.7
Fulham,Leeds United,2025-09-13T14:00:00Z,uk,Matchbook,Fulham,2.06
Fulham,Leeds United,2025-09-13T14:00:00Z,uk,Matchbook,Leeds United,4.3
Fulham,Leeds United,2025-09-13T14:00:00Z,uk,Matchbook,Draw,3.75
Newcastle United,Wolverhampton Wanderers,2025-09-13T14:00:00Z,uk,Paddy Power,Newcastle United,1.4
Newcastle United,Wolverhampton Wanderers,2025-09-13T14:00:00Z,uk,Paddy Power,Wolverhampton Wanderers,7.5
Newcastle United,Wolverhampton Wanderers,2025-09-13T14:00:00Z,uk,Paddy Power,Draw,4.4
Newcastle United,Wolverhampton Wanderers,2025-09-13T14:00:00Z,uk,Smarkets,Newcastle United,1.45
Newcastle United,Wolverhampton Wanderers,2025-09-13T14:00:00Z,uk,Smarkets,Wolverhampton Wanderers,8.0
Newcastle United,Wolverhampton Wanderers,2025-09-13T14:00:00Z,uk,Smarkets,Draw,4.9
Newcastle United,Wolverhampton Wanderers,2025-09-13T14:00:00Z,uk,Smarkets,Newcastle United,1.48
Newcastle United,Wolverhampton Wanderers,2025-09-13T14:00:00Z,uk,Smarkets,Wolverhampton Wanderers,8.8
Newcastle United,Wolverhampton Wanderers,2025-09-13T14:00:00Z,uk,Smarkets,Draw,5.1
Newcastle United,Wolverhampton Wanderers,2025-09-13T14:00:00Z,uk,Bet Victor,Newcastle United,1.4
Newcastle United,Wolverhampton Wanderers,2025-09-13T14:00:00Z,uk,Bet Victor,Wolverhampton Wanderers,7.5
Newcastle United,Wolverhampton Wanderers,2025-09-13T14:00:00Z,uk,Bet Victor,Draw,4.4
Newcastle United,Wolverhampton Wanderers,2025-09-13T14:00:00Z,uk,Betway,Newcastle United,1.45
Newcastle United,Wolverhampton Wanderers,2025-09-13T14:00:00Z,uk,Betway,Wolverhampton Wanderers,6.5
Newcastle United,Wolverhampton Wanderers,2025-09-13T14:00:00Z,uk,Betway,Draw,4.5
Newcastle United,Wolverhampton Wanderers,2025-09-13T14:00:00Z,uk,888sport,Newcastle United,1.44
Newcastle United,Wolverhampton Wanderers,2025-09-13T14:00:00Z,uk,888sport,Wolverhampton Wanderers,6.5
Newcastle United,Wolverhampton Wanderers,2025-09-13T14:00:00Z,uk,888sport,Draw,4.4
Newcastle United,Wolverhampton Wanderers,2025-09-13T14:00:00Z,uk,William Hill,Newcastle United,1.44
Newcastle United,Wolverhampton Wanderers,2025-09-13T14:00:00Z,uk,William Hill,Wolverhampton Wanderers,6.5
Newcastle United,Wolverhampton Wanderers,2025-09-13T14:00:00Z,uk,William Hill,Draw,4.4
Newcastle United,Wolverhampton Wanderers,2025-09-13T14:00:00Z,uk,BoyleSports,Newcastle United,1.4
Newcastle United,Wolverhampton Wanderers,2025-09-13T14:00:00Z,uk,BoyleSports,Wolverhampton Wanderers,7.0
Newcastle United,Wolverhampton Wanderers,2025-09-13T14:00:00Z,uk,BoyleSports,Draw,4.33
Newcastle United,Wolverhampton Wanderers,2025-09-13T14:00:00Z,uk,Betfair,Newcastle United,1.46
Newcastle United,Wolverhampton Wanderers,2025-09-13T14:00:00Z,uk,Betfair,Wolverhampton Wanderers,8.2
Newcastle United,Wolverhampton Wanderers,2025-09-13T14:00:00Z,uk,Betfair,Draw,4.9
Newcastle United,Wolverhampton Wanderers,2025-09-13T14:00:00Z,uk,Betfair,Newcastle United,1.48
Newcastle United,Wolverhampton Wanderers,2025-09-13T14:00:00Z,uk,Betfair,Wolverhampton Wanderers,8.8
Newcastle United,Wolverhampton Wanderers,2025-09-13T14:00:00Z,uk,Betfair,Draw,5.1
Newcastle United,Wolverhampton Wanderers,2025-09-13T14:00:00Z,uk,LeoVegas,Newcastle United,1.44
Newcastle United,Wolverhampton Wanderers,2025-09-13T14:00:00Z,uk,LeoVegas,Wolverhampton Wanderers,7.5
Newcastle United,Wolverhampton Wanderers,2025-09-13T14:00:00Z,uk,LeoVegas,Draw,4.8
Newcastle United,Wolverhampton Wanderers,2025-09-13T14:00:00Z,uk,Unibet,Newcastle United,1.43
Newcastle United,Wolverhampton Wanderers,2025-09-13T14:00:00Z,uk,Unibet,Wolverhampton Wanderers,7.5
Newcastle United,Wolverhampton Wanderers,2025-09-13T14:00:00Z,uk,Unibet,Draw,4.75
Newcastle United,Wolverhampton Wanderers,2025-09-13T14:00:00Z,uk,Virgin Bet,Newcastle United,1.35
Newcastle United,Wolverhampton Wanderers,2025-09-13T14:00:00Z,uk,Virgin Bet,Wolverhampton Wanderers,7.0
Newcastle United,Wolverhampton Wanderers,2025-09-13T14:00:00Z,uk,Virgin Bet,Draw,4.5
Newcastle United,Wolverhampton Wanderers,2025-09-13T14:00:00Z,uk,Casumo,Newcastle United,1.42
Newcastle United,Wolverhampton Wanderers,2025-09-13T14:00:00Z,uk,Casumo,Wolverhampton Wanderers,7.5
Newcastle United,Wolverhampton Wanderers,2025-09-13T14:00:00Z,uk,Casumo,Draw,4.7
Newcastle United,Wolverhampton Wanderers,2025-09-13T14:00:00Z,uk,LiveScore Bet,Newcastle United,1.35
Newcastle United,Wolverhampton Wanderers,2025-09-13T14:00:00Z,uk,LiveScore Bet,Wolverhampton Wanderers,7.0
Newcastle United,Wolverhampton Wanderers,2025-09-13T14:00:00Z,uk,LiveScore Bet,Draw,4.5
Newcastle United,Wolverhampton Wanderers,2025-09-13T14:00:00Z,uk,Grosvenor,Newcastle United,1.42
Newcastle United,Wolverhampton Wanderers,2025-09-13T14:00:00Z,uk,Grosvenor,Wolverhampton Wanderers,7.5
Newcastle United,Wolverhampton Wanderers,2025-09-13T14:00:00Z,uk,Grosvenor,Draw,4.7
Newcastle United,Wolverhampton Wanderers,2025-09-13T14:00:00Z,uk,Betfair Sportsbook,Newcastle United,1.4
Newcastle United,Wolverhampton Wanderers,2025-09-13T14:00:00Z,uk,Betfair Sportsbook,Wolverhampton Wanderers,7.0
Newcastle United,Wolverhampton Wanderers,2025-09-13T14:00:00Z,uk,Betfair Sportsbook,Draw,3.75
Newcastle United,Wolverhampton Wanderers,2025-09-13T14:00:00Z,uk,Coral,Newcastle United,1.44
Newcastle United,Wolverhampton Wanderers,2025-09-13T14:00:00Z,uk,Coral,Wolverhampton Wanderers,7.0
Newcastle United,Wolverhampton Wanderers,2025-09-13T14:00:00Z,uk,Coral,Draw,4.6
Newcastle United,Wolverhampton Wanderers,2025-09-13T14:00:00Z,uk,Ladbrokes,Newcastle United,1.44
Newcastle United,Wolverhampton Wanderers,2025-09-13T14:00:00Z,uk,Ladbrokes,Wolverhampton Wanderers,6.5
Newcastle United,Wolverhampton Wanderers,2025-09-13T14:00:00Z,uk,Ladbrokes,Draw,4.6
Newcastle United,Wolverhampton Wanderers,2025-09-13T14:00:00Z,uk,Sky Bet,Newcastle United,1.4
Newcastle United,Wolverhampton Wanderers,2025-09-13T14:00:00Z,uk,Sky Bet,Wolverhampton Wanderers,7.0
Newcastle United,Wolverhampton Wanderers,2025-09-13T14:00:00Z,uk,Sky Bet,Draw,4.33
Newcastle United,Wolverhampton Wanderers,2025-09-13T14:00:00Z,uk,Matchbook,Newcastle United,1.46
Newcastle United,Wolverhampton Wanderers,2025-09-13T14:00:00Z,uk,Matchbook,Wolverhampton Wanderers,8.2
Newcastle United,Wolverhampton Wanderers,2025-09-13T14:00:00Z,uk,Matchbook,Draw,4.9
Newcastle United,Wolverhampton Wanderers,2025-09-13T14:00:00Z,uk,Matchbook,Newcastle United,1.48
Newcastle United,Wolverhampton Wanderers,2025-09-13T14:00:00Z,uk,Matchbook,Wolverhampton Wanderers,9.0
Newcastle United,Wolverhampton Wanderers,2025-09-13T14:00:00Z,uk,Matchbook,Draw,5.1
West Ham United,Tottenham Hotspur,2025-09-13T16:30:00Z,uk,Paddy Power,Tottenham Hotspur,2.05
West Ham United,Tottenham Hotspur,2025-09-13T16:30:00Z,uk,Paddy Power,West Ham United,3.4
West Ham United,Tottenham Hotspur,2025-09-13T16:30:00Z,uk,Paddy Power,Draw,3.5
West Ham United,Tottenham Hotspur,2025-09-13T16:30:00Z,uk,Smarkets,Tottenham Hotspur,2.18
West Ham United,Tottenham Hotspur,2025-09-13T16:30:00Z,uk,Smarkets,West Ham United,3.45
West Ham United,Tottenham Hotspur,2025-09-13T16:30:00Z,uk,Smarkets,Draw,3.7
West Ham United,Tottenham Hotspur,2025-09-13T16:30:00Z,uk,Smarkets,Tottenham Hotspur,2.24
West Ham United,Tottenham Hotspur,2025-09-13T16:30:00Z,uk,Smarkets,West Ham United,3.6
West Ham United,Tottenham Hotspur,2025-09-13T16:30:00Z,uk,Smarkets,Draw,3.8
West Ham United,Tottenham Hotspur,2025-09-13T16:30:00Z,uk,Betway,Tottenham Hotspur,2.1
West Ham United,Tottenham Hotspur,2025-09-13T16:30:00Z,uk,Betway,West Ham United,3.3
West Ham United,Tottenham Hotspur,2025-09-13T16:30:00Z,uk,Betway,Draw,3.5
West Ham United,Tottenham Hotspur,2025-09-13T16:30:00Z,uk,888sport,Tottenham Hotspur,2.1
West Ham United,Tottenham Hotspur,2025-09-13T16:30:00Z,uk,888sport,West Ham United,3.3
West Ham United,Tottenham Hotspur,2025-09-13T16:30:00Z,uk,888sport,Draw,3.4
West Ham United,Tottenham Hotspur,2025-09-13T16:30:00Z,uk,William Hill,Tottenham Hotspur,2.1
West Ham United,Tottenham Hotspur,2025-09-13T16:30:00Z,uk,William Hill,West Ham United,3.3
West Ham United,Tottenham Hotspur,2025-09-13T16:30:00Z,uk,William Hill,Draw,3.4
West Ham United,Tottenham Hotspur,2025-09-13T16:30:00Z,uk,BoyleSports,Tottenham Hotspur,2.05
West Ham United,Tottenham Hotspur,2025-09-13T16:30:00Z,uk,BoyleSports,West Ham United,3.3
West Ham United,Tottenham Hotspur,2025-09-13T16:30:00Z,uk,BoyleSports,Draw,3.5
West Ham United,Tottenham Hotspur,2025-09-13T16:30:00Z,uk,Bet Victor,Tottenham Hotspur,2.05
West Ham United,Tottenham Hotspur,2025-09-13T16:30:00Z,uk,Bet Victor,West Ham United,3.25
West Ham United,Tottenham Hotspur,2025-09-13T16:30:00Z,uk,Bet Victor,Draw,3.6
West Ham United,Tottenham Hotspur,2025-09-13T16:30:00Z,uk,Betfair,Tottenham Hotspur,2.18
West Ham United,Tottenham Hotspur,2025-09-13T16:30:00Z,uk,Betfair,West Ham United,3.5
West Ham United,Tottenham Hotspur,2025-09-13T16:30:00Z,uk,Betfair,Draw,3.75
West Ham United,Tottenham Hotspur,2025-09-13T16:30:00Z,uk,Betfair,Tottenham Hotspur,2.22
West Ham United,Tottenham Hotspur,2025-09-13T16:30:00Z,uk,Betfair,West Ham United,3.6
West Ham United,Tottenham Hotspur,2025-09-13T16:30:00Z,uk,Betfair,Draw,3.8
West Ham United,Tottenham Hotspur,2025-09-13T16:30:00Z,uk,LeoVegas,Tottenham Hotspur,2.12
West Ham United,Tottenham Hotspur,2025-09-13T16:30:00Z,uk,LeoVegas,West Ham United,3.45
West Ham United,Tottenham Hotspur,2025-09-13T16:30:00Z,uk,LeoVegas,Draw,3.6
West Ham United,Tottenham Hotspur,2025-09-13T16:30:00Z,uk,Unibet,Tottenham Hotspur,2.1
West Ham United,Tottenham Hotspur,2025-09-13T16:30:00Z,uk,Unibet,West Ham United,3.45
West Ham United,Tottenham Hotspur,2025-09-13T16:30:00Z,uk,Unibet,Draw,3.55
West Ham United,Tottenham Hotspur,2025-09-13T16:30:00Z,uk,Virgin Bet,Tottenham Hotspur,1.97
West Ham United,Tottenham Hotspur,2025-09-13T16:30:00Z,uk,Virgin Bet,West Ham United,3.25
West Ham United,Tottenham Hotspur,2025-09-13T16:30:00Z,uk,Virgin Bet,Draw,3.35
West Ham United,Tottenham Hotspur,2025-09-13T16:30:00Z,uk,Casumo,Tottenham Hotspur,2.08
West Ham United,Tottenham Hotspur,2025-09-13T16:30:00Z,uk,Casumo,West Ham United,3.4
West Ham United,Tottenham Hotspur,2025-09-13T16:30:00Z,uk,Casumo,Draw,3.55
West Ham United,Tottenham Hotspur,2025-09-13T16:30:00Z,uk,LiveScore Bet,Tottenham Hotspur,1.97
West Ham United,Tottenham Hotspur,2025-09-13T16:30:00Z,uk,LiveScore Bet,West Ham United,3.25
West Ham United,Tottenham Hotspur,2025-09-13T16:30:00Z,uk,LiveScore Bet,Draw,3.35
West Ham United,Tottenham Hotspur,2025-09-13T16:30:00Z,uk,Grosvenor,Tottenham Hotspur,2.07
West Ham United,Tottenham Hotspur,2025-09-13T16:30:00Z,uk,Grosvenor,West Ham United,3.4
West Ham United,Tottenham Hotspur,2025-09-13T16:30:00Z,uk,Grosvenor,Draw,3.5
West Ham United,Tottenham Hotspur,2025-09-13T16:30:00Z,uk,Coral,Tottenham Hotspur,2.1
West Ham United,Tottenham Hotspur,2025-09-13T16:30:00Z,uk,Coral,West Ham United,3.3
West Ham United,Tottenham Hotspur,2025-09-13T16:30:00Z,uk,Coral,Draw,3.5
West Ham United,Tottenham Hotspur,2025-09-13T16:30:00Z,uk,Ladbrokes,Tottenham Hotspur,2.1
West Ham United,Tottenham Hotspur,2025-09-13T16:30:00Z,uk,Ladbrokes,West Ham United,3.3
West Ham United,Tottenham Hotspur,2025-09-13T16:30:00Z,uk,Ladbrokes,Draw,3.5
West Ham United,Tottenham Hotspur,2025-09-13T16:30:00Z,uk,Betfair Sportsbook,Tottenham Hotspur,2.0
West Ham United,Tottenham Hotspur,2025-09-13T16:30:00Z,uk,Betfair Sportsbook,West Ham United,3.2
West Ham United,Tottenham Hotspur,2025-09-13T16:30:00Z,uk,Betfair Sportsbook,Draw,3.1
West Ham United,Tottenham Hotspur,2025-09-13T16:30:00Z,uk,Sky Bet,Tottenham Hotspur,2.05
West Ham United,Tottenham Hotspur,2025-09-13T16:30:00Z,uk,Sky Bet,West Ham United,3.3
West Ham United,Tottenham Hotspur,2025-09-13T16:30:00Z,uk,Sky Bet,Draw,3.4
West Ham United,Tottenham Hotspur,2025-09-13T16:30:00Z,uk,Matchbook,Tottenham Hotspur,2.2
West Ham United,Tottenham Hotspur,2025-09-13T16:30:00Z,uk,Matchbook,West Ham United,3.5
West Ham United,Tottenham Hotspur,2025-09-13T16:30:00Z,uk,Matchbook,Draw,3.75
West Ham United,Tottenham Hotspur,2025-09-13T16:30:00Z,uk,Matchbook,Tottenham Hotspur,2.22
West Ham United,Tottenham Hotspur,2025-09-13T16:30:00Z,uk,Matchbook,West Ham United,3.6
West Ham United,Tottenham Hotspur,2025-09-13T16:30:00Z,uk,Matchbook,Draw,3.8
Brentford,Chelsea,2025-09-13T19:00:00Z,uk,Paddy Power,Brentford,4.75
Brentford,Chelsea,2025-09-13T19:00:00Z,uk,Paddy Power,Chelsea,1.7
Brentford,Chelsea,2025-09-13T19:00:00Z,uk,Paddy Power,Draw,3.75
Brentford,Chelsea,2025-09-13T19:00:00Z,uk,Bet Victor,Brentford,4.5
Brentford,Chelsea,2025-09-13T19:00:00Z,uk,Bet Victor,Chelsea,1.7
Brentford,Chelsea,2025-09-13T19:00:00Z,uk,Bet Victor,Draw,3.8
Brentford,Chelsea,2025-09-13T19:00:00Z,uk,Betway,Brentford,4.33
Brentford,Chelsea,2025-09-13T19:00:00Z,uk,Betway,Chelsea,1.73
Brentford,Chelsea,2025-09-13T19:00:00Z,uk,Betway,Draw,4.0
Brentford,Chelsea,2025-09-13T19:00:00Z,uk,888sport,Brentford,4.5
Brentford,Chelsea,2025-09-13T19:00:00Z,uk,888sport,Chelsea,1.75
Brentford,Chelsea,2025-09-13T19:00:00Z,uk,888sport,Draw,3.75
Brentford,Chelsea,2025-09-13T19:00:00Z,uk,William Hill,Brentford,4.5
Brentford,Chelsea,2025-09-13T19:00:00Z,uk,William Hill,Chelsea,1.75
Brentford,Chelsea,2025-09-13T19:00:00Z,uk,William Hill,Draw,3.75
Brentford,Chelsea,2025-09-13T19:00:00Z,uk,Smarkets,Brentford,4.8
Brentford,Chelsea,2025-09-13T19:00:00Z,uk,Smarkets,Chelsea,1.8
Brentford,Chelsea,2025-09-13T19:00:00Z,uk,Smarkets,Draw,3.95
Brentford,Chelsea,2025-09-13T19:00:00Z,uk,Smarkets,Brentford,5.0
Brentford,Chelsea,2025-09-13T19:00:00Z,uk,Smarkets,Chelsea,1.82
Brentford,Chelsea,2025-09-13T19:00:00Z,uk,Smarkets,Draw,4.1
Brentford,Chelsea,2025-09-13T19:00:00Z,uk,BoyleSports,Brentford,4.33
Brentford,Chelsea,2025-09-13T19:00:00Z,uk,BoyleSports,Chelsea,1.73
Brentford,Chelsea,2025-09-13T19:00:00Z,uk,BoyleSports,Draw,3.75
Brentford,Chelsea,2025-09-13T19:00:00Z,uk,Betfair,Brentford,4.9
Brentford,Chelsea,2025-09-13T19:00:00Z,uk,Betfair,Chelsea,1.8
Brentford,Chelsea,2025-09-13T19:00:00Z,uk,Betfair,Draw,4.0
Brentford,Chelsea,2025-09-13T19:00:00Z,uk,Betfair,Brentford,5.0
Brentford,Chelsea,2025-09-13T19:00:00Z,uk,Betfair,Chelsea,1.82
Brentford,Chelsea,2025-09-13T19:00:00Z,uk,Betfair,Draw,4.1
Brentford,Chelsea,2025-09-13T19:00:00Z,uk,LeoVegas,Brentford,4.6
Brentford,Chelsea,2025-09-13T19:00:00Z,uk,LeoVegas,Chelsea,1.74
Brentford,Chelsea,2025-09-13T19:00:00Z,uk,LeoVegas,Draw,4.0
Brentford,Chelsea,2025-09-13T19:00:00Z,uk,Unibet,Brentford,4.6
Brentford,Chelsea,2025-09-13T19:00:00Z,uk,Unibet,Chelsea,1.73
Brentford,Chelsea,2025-09-13T19:00:00Z,uk,Unibet,Draw,4.0
Brentford,Chelsea,2025-09-13T19:00:00Z,uk,Virgin Bet,Brentford,4.3
Brentford,Chelsea,2025-09-13T19:00:00Z,uk,Virgin Bet,Chelsea,1.63
Brentford,Chelsea,2025-09-13T19:00:00Z,uk,Virgin Bet,Draw,3.8
Brentford,Chelsea,2025-09-13T19:00:00Z,uk,Casumo,Brentford,4.6
Brentford,Chelsea,2025-09-13T19:00:00Z,uk,Casumo,Chelsea,1.72
Brentford,Chelsea,2025-09-13T19:00:00Z,uk,Casumo,Draw,4.0
Brentford,Chelsea,2025-09-13T19:00:00Z,uk,LiveScore Bet,Brentford,4.3
Brentford,Chelsea,2025-09-13T19:00:00Z,uk,LiveScore Bet,Chelsea,1.63
Brentford,Chelsea,2025-09-13T19:00:00Z,uk,LiveScore Bet,Draw,3.8
Brentford,Chelsea,2025-09-13T19:00:00Z,uk,Grosvenor,Brentford,4.5
Brentford,Chelsea,2025-09-13T19:00:00Z,uk,Grosvenor,Chelsea,1.71
Brentford,Chelsea,2025-09-13T19:00:00Z,uk,Grosvenor,Draw,3.95
Brentford,Chelsea,2025-09-13T19:00:00Z,uk,Coral,Brentford,4.4
Brentford,Chelsea,2025-09-13T19:00:00Z,uk,Coral,Chelsea,1.75
Brentford,Chelsea,2025-09-13T19:00:00Z,uk,Coral,Draw,3.9
Brentford,Chelsea,2025-09-13T19:00:00Z,uk,Ladbrokes,Brentford,4.4
Brentford,Chelsea,2025-09-13T19:00:00Z,uk,Ladbrokes,Chelsea,1.75
Brentford,Chelsea,2025-09-13T19:00:00Z,uk,Ladbrokes,Draw,3.8
Brentford,Chelsea,2025-09-13T19:00:00Z,uk,Betfair Sportsbook,Brentford,4.5
Brentford,Chelsea,2025-09-13T19:00:00Z,uk,Betfair Sportsbook,Chelsea,1.62
Brentford,Chelsea,2025-09-13T19:00:00Z,uk,Betfair Sportsbook,Draw,3.4
Brentford,Chelsea,2025-09-13T19:00:00Z,uk,Sky Bet,Brentford,4.6
Brentford,Chelsea,2025-09-13T19:00:00Z,uk,Sky Bet,Chelsea,1.7
Brentford,Chelsea,2025-09-13T19:00:00Z,uk,Sky Bet,Draw,3.75
Brentford,Chelsea,2025-09-13T19:00:00Z,uk,Matchbook,Brentford,4.9
Brentford,Chelsea,2025-09-13T19:00:00Z,uk,Matchbook,Chelsea,1.8
Brentford,Chelsea,2025-09-13T19:00:00Z,uk,Matchbook,Draw,4.0
Brentford,Chelsea,2025-09-13T19:00:00Z,uk,Matchbook,Brentford,5.1
Brentford,Chelsea,2025-09-13T19:00:00Z,uk,Matchbook,Chelsea,1.82
Brentford,Chelsea,2025-09-13T19:00:00Z,uk,Matchbook,Draw,4.1
Burnley,Liverpool,2025-09-14T13:00:00Z,uk,Paddy Power,Burnley,9.0
Burnley,Liverpool,2025-09-14T13:00:00Z,uk,Paddy Power,Liverpool,1.3
Burnley,Liverpool,2025-09-14T13:00:00Z,uk,Paddy Power,Draw,5.5
Burnley,Liverpool,2025-09-14T13:00:00Z,uk,Smarkets,Burnley,10.0
Burnley,Liverpool,2025-09-14T13:00:00Z,uk,Smarkets,Liverpool,1.35
Burnley,Liverpool,2025-09-14T13:00:00Z,uk,Smarkets,Draw,5.9
Burnley,Liverpool,2025-09-14T13:00:00Z,uk,Smarkets,Burnley,10.5
Burnley,Liverpool,2025-09-14T13:00:00Z,uk,Smarkets,Liverpool,1.36
Burnley,Liverpool,2025-09-14T13:00:00Z,uk,Smarkets,Draw,6.0
Burnley,Liverpool,2025-09-14T13:00:00Z,uk,Betway,Burnley,9.0
Burnley,Liverpool,2025-09-14T13:00:00Z,uk,Betway,Liverpool,1.3
Burnley,Liverpool,2025-09-14T13:00:00Z,uk,Betway,Draw,5.5
Burnley,Liverpool,2025-09-14T13:00:00Z,uk,888sport,Burnley,9.0
Burnley,Liverpool,2025-09-14T13:00:00Z,uk,888sport,Liverpool,1.3
Burnley,Liverpool,2025-09-14T13:00:00Z,uk,888sport,Draw,5.0
Burnley,Liverpool,2025-09-14T13:00:00Z,uk,William Hill,Burnley,9.0
Burnley,Liverpool,2025-09-14T13:00:00Z,uk,William Hill,Liverpool,1.3
Burnley,Liverpool,2025-09-14T13:00:00Z,uk,William Hill,Draw,5.0
Burnley,Liverpool,2025-09-14T13:00:00Z,uk,Bet Victor,Burnley,9.5
Burnley,Liverpool,2025-09-14T13:00:00Z,uk,Bet Victor,Liverpool,1.29
Burnley,Liverpool,2025-09-14T13:00:00Z,uk,Bet Victor,Draw,5.25
Burnley,Liverpool,2025-09-14T13:00:00Z,uk,BoyleSports,Burnley,10.0
Burnley,Liverpool,2025-09-14T13:00:00Z,uk,BoyleSports,Liverpool,1.29
Burnley,Liverpool,2025-09-14T13:00:00Z,uk,BoyleSports,Draw,5.0
Burnley,Liverpool,2025-09-14T13:00:00Z,uk,Betfair,Burnley,10.0
Burnley,Liverpool,2025-09-14T13:00:00Z,uk,Betfair,Liverpool,1.36
Burnley,Liverpool,2025-09-14T13:00:00Z,uk,Betfair,Draw,5.9
Burnley,Liverpool,2025-09-14T13:00:00Z,uk,Betfair,Burnley,10.5
Burnley,Liverpool,2025-09-14T13:00:00Z,uk,Betfair,Liverpool,1.37
Burnley,Liverpool,2025-09-14T13:00:00Z,uk,Betfair,Draw,6.0
Burnley,Liverpool,2025-09-14T13:00:00Z,uk,LeoVegas,Burnley,9.5
Burnley,Liverpool,2025-09-14T13:00:00Z,uk,LeoVegas,Liverpool,1.34
Burnley,Liverpool,2025-09-14T13:00:00Z,uk,LeoVegas,Draw,5.3
Burnley,Liverpool,2025-09-14T13:00:00Z,uk,Unibet,Burnley,9.5
Burnley,Liverpool,2025-09-14T13:00:00Z,uk,Unibet,Liverpool,1.33
Burnley,Liverpool,2025-09-14T13:00:00Z,uk,Unibet,Draw,5.25
Burnley,Liverpool,2025-09-14T13:00:00Z,uk,Virgin Bet,Burnley,9.0
Burnley,Liverpool,2025-09-14T13:00:00Z,uk,Virgin Bet,Liverpool,1.25
Burnley,Liverpool,2025-09-14T13:00:00Z,uk,Virgin Bet,Draw,4.9
Burnley,Liverpool,2025-09-14T13:00:00Z,uk,Casumo,Burnley,9.5
Burnley,Liverpool,2025-09-14T13:00:00Z,uk,Casumo,Liverpool,1.32
Burnley,Liverpool,2025-09-14T13:00:00Z,uk,Casumo,Draw,5.2
Burnley,Liverpool,2025-09-14T13:00:00Z,uk,LiveScore Bet,Burnley,9.0
Burnley,Liverpool,2025-09-14T13:00:00Z,uk,LiveScore Bet,Liverpool,1.25
Burnley,Liverpool,2025-09-14T13:00:00Z,uk,LiveScore Bet,Draw,4.9
Burnley,Liverpool,2025-09-14T13:00:00Z,uk,Grosvenor,Burnley,9.5
Burnley,Liverpool,2025-09-14T13:00:00Z,uk,Grosvenor,Liverpool,1.32
Burnley,Liverpool,2025-09-14T13:00:00Z,uk,Grosvenor,Draw,5.2
Burnley,Liverpool,2025-09-14T13:00:00Z,uk,Coral,Burnley,9.0
Burnley,Liverpool,2025-09-14T13:00:00Z,uk,Coral,Liverpool,1.3
Burnley,Liverpool,2025-09-14T13:00:00Z,uk,Coral,Draw,5.75
Burnley,Liverpool,2025-09-14T13:00:00Z,uk,Ladbrokes,Burnley,8.5
Burnley,Liverpool,2025-09-14T13:00:00Z,uk,Ladbrokes,Liverpool,1.3
Burnley,Liverpool,2025-09-14T13:00:00Z,uk,Ladbrokes,Draw,5.5
Burnley,Liverpool,2025-09-14T13:00:00Z,uk,Betfair Sportsbook,Burnley,8.0
Burnley,Liverpool,2025-09-14T13:00:00Z,uk,Betfair Sportsbook,Liverpool,1.25
Burnley,Liverpool,2025-09-14T13:00:00Z,uk,Betfair Sportsbook,Draw,4.5
Burnley,Liverpool,2025-09-14T13:00:00Z,uk,Sky Bet,Burnley,8.5
Burnley,Liverpool,2025-09-14T13:00:00Z,uk,Sky Bet,Liverpool,1.3
Burnley,Liverpool,2025-09-14T13:00:00Z,uk,Sky Bet,Draw,5.25
Manchester City,Manchester United,2025-09-14T15:30:00Z,uk,Paddy Power,Manchester City,1.7
Manchester City,Manchester United,2025-09-14T15:30:00Z,uk,Paddy Power,Manchester United,4.5
Manchester City,Manchester United,2025-09-14T15:30:00Z,uk,Paddy Power,Draw,4.0
Manchester City,Manchester United,2025-09-14T15:30:00Z,uk,888sport,Manchester City,1.67
Manchester City,Manchester United,2025-09-14T15:30:00Z,uk,888sport,Manchester United,4.5
Manchester City,Manchester United,2025-09-14T15:30:00Z,uk,888sport,Draw,4.0
Manchester City,Manchester United,2025-09-14T15:30:00Z,uk,William Hill,Manchester City,1.67
Manchester City,Manchester United,2025-09-14T15:30:00Z,uk,William Hill,Manchester United,4.5
Manchester City,Manchester United,2025-09-14T15:30:00Z,uk,William Hill,Draw,4.0
Manchester City,Manchester United,2025-09-14T15:30:00Z,uk,Betway,Manchester City,1.67
Manchester City,Manchester United,2025-09-14T15:30:00Z,uk,Betway,Manchester United,4.5
Manchester City,Manchester United,2025-09-14T15:30:00Z,uk,Betway,Draw,4.2
Manchester City,Manchester United,2025-09-14T15:30:00Z,uk,Smarkets,Manchester City,1.76
Manchester City,Manchester United,2025-09-14T15:30:00Z,uk,Smarkets,Manchester United,4.8
Manchester City,Manchester United,2025-09-14T15:30:00Z,uk,Smarkets,Draw,4.2
Manchester City,Manchester United,2025-09-14T15:30:00Z,uk,Smarkets,Manchester City,1.78
Manchester City,Manchester United,2025-09-14T15:30:00Z,uk,Smarkets,Manchester United,4.9
Manchester City,Manchester United,2025-09-14T15:30:00Z,uk,Smarkets,Draw,4.4
Manchester City,Manchester United,2025-09-14T15:30:00Z,uk,Bet Victor,Manchester City,1.67
Manchester City,Manchester United,2025-09-14T15:30:00Z,uk,Bet Victor,Manchester United,4.4
Manchester City,Manchester United,2025-09-14T15:30:00Z,uk,Bet Victor,Draw,4.0
Manchester City,Manchester United,2025-09-14T15:30:00Z,uk,BoyleSports,Manchester City,1.67
Manchester City,Manchester United,2025-09-14T15:30:00Z,uk,BoyleSports,Manchester United,4.5
Manchester City,Manchester United,2025-09-14T15:30:00Z,uk,BoyleSports,Draw,4.0
Manchester City,Manchester United,2025-09-14T15:30:00Z,uk,LeoVegas,Manchester City,1.71
Manchester City,Manchester United,2025-09-14T15:30:00Z,uk,LeoVegas,Manchester United,4.75
Manchester City,Manchester United,2025-09-14T15:30:00Z,uk,LeoVegas,Draw,4.1
Manchester City,Manchester United,2025-09-14T15:30:00Z,uk,Unibet,Manchester City,1.7
Manchester City,Manchester United,2025-09-14T15:30:00Z,uk,Unibet,Manchester United,4.7
Manchester City,Manchester United,2025-09-14T15:30:00Z,uk,Unibet,Draw,4.0
Manchester City,Manchester United,2025-09-14T15:30:00Z,uk,Virgin Bet,Manchester City,1.6
Manchester City,Manchester United,2025-09-14T15:30:00Z,uk,Virgin Bet,Manchester United,4.5
Manchester City,Manchester United,2025-09-14T15:30:00Z,uk,Virgin Bet,Draw,3.8
Manchester City,Manchester United,2025-09-14T15:30:00Z,uk,Casumo,Manchester City,1.68
Manchester City,Manchester United,2025-09-14T15:30:00Z,uk,Casumo,Manchester United,4.7
Manchester City,Manchester United,2025-09-14T15:30:00Z,uk,Casumo,Draw,4.0
Manchester City,Manchester United,2025-09-14T15:30:00Z,uk,LiveScore Bet,Manchester City,1.6
Manchester City,Manchester United,2025-09-14T15:30:00Z,uk,LiveScore Bet,Manchester United,4.5
Manchester City,Manchester United,2025-09-14T15:30:00Z,uk,LiveScore Bet,Draw,3.8
Manchester City,Manchester United,2025-09-14T15:30:00Z,uk,Grosvenor,Manchester City,1.67
Manchester City,Manchester United,2025-09-14T15:30:00Z,uk,Grosvenor,Manchester United,4.7
Manchester City,Manchester United,2025-09-14T15:30:00Z,uk,Grosvenor,Draw,4.0
Manchester City,Manchester United,2025-09-14T15:30:00Z,uk,Betfair,Manchester City,1.77
Manchester City,Manchester United,2025-09-14T15:30:00Z,uk,Betfair,Manchester United,4.8
Manchester City,Manchester United,2025-09-14T15:30:00Z,uk,Betfair,Draw,4.3
Manchester City,Manchester United,2025-09-14T15:30:00Z,uk,Betfair,Manchester City,1.79
Manchester City,Manchester United,2025-09-14T15:30:00Z,uk,Betfair,Manchester United,4.9
Manchester City,Manchester United,2025-09-14T15:30:00Z,uk,Betfair,Draw,4.4
Manchester City,Manchester United,2025-09-14T15:30:00Z,uk,Coral,Manchester City,1.67
Manchester City,Manchester United,2025-09-14T15:30:00Z,uk,Coral,Manchester United,4.6
Manchester City,Manchester United,2025-09-14T15:30:00Z,uk,Coral,Draw,4.2
Manchester City,Manchester United,2025-09-14T15:30:00Z,uk,Ladbrokes,Manchester City,1.67
Manchester City,Manchester United,2025-09-14T15:30:00Z,uk,Ladbrokes,Manchester United,4.6
Manchester City,Manchester United,2025-09-14T15:30:00Z,uk,Ladbrokes,Draw,4.0
Liverpool,Everton,2025-09-20T11:30:00Z,uk,Paddy Power,Everton,7.0
Liverpool,Everton,2025-09-20T11:30:00Z,uk,Paddy Power,Liverpool,1.36
Liverpool,Everton,2025-09-20T11:30:00Z,uk,Paddy Power,Draw,4.75
Liverpool,Everton,2025-09-20T11:30:00Z,uk,888sport,Everton,7.0
Liverpool,Everton,2025-09-20T11:30:00Z,uk,888sport,Liverpool,1.4
Liverpool,Everton,2025-09-20T11:30:00Z,uk,888sport,Draw,4.6
Liverpool,Everton,2025-09-20T11:30:00Z,uk,William Hill,Everton,7.0
Liverpool,Everton,2025-09-20T11:30:00Z,uk,William Hill,Liverpool,1.4
Liverpool,Everton,2025-09-20T11:30:00Z,uk,William Hill,Draw,4.6
Liverpool,Everton,2025-09-20T11:30:00Z,uk,Smarkets,Everton,7.6
Liverpool,Everton,2025-09-20T11:30:00Z,uk,Smarkets,Liverpool,1.43
Liverpool,Everton,2025-09-20T11:30:00Z,uk,Smarkets,Draw,4.7
Liverpool,Everton,2025-09-20T11:30:00Z,uk,Smarkets,Everton,9.4
Liverpool,Everton,2025-09-20T11:30:00Z,uk,Smarkets,Liverpool,1.46
Liverpool,Everton,2025-09-20T11:30:00Z,uk,Smarkets,Draw,5.3
Liverpool,Everton,2025-09-20T11:30:00Z,uk,Bet Victor,Everton,7.0
Liverpool,Everton,2025-09-20T11:30:00Z,uk,Bet Victor,Liverpool,1.4
Liverpool,Everton,2025-09-20T11:30:00Z,uk,Bet Victor,Draw,4.75
Liverpool,Everton,2025-09-20T11:30:00Z,uk,Betway,Everton,6.0
Liverpool,Everton,2025-09-20T11:30:00Z,uk,Betway,Liverpool,1.43
Liverpool,Everton,2025-09-20T11:30:00Z,uk,Betway,Draw,4.75
Liverpool,Everton,2025-09-20T11:30:00Z,uk,BoyleSports,Everton,7.0
Liverpool,Everton,2025-09-20T11:30:00Z,uk,BoyleSports,Liverpool,1.4
Liverpool,Everton,2025-09-20T11:30:00Z,uk,BoyleSports,Draw,4.5
Liverpool,Everton,2025-09-20T11:30:00Z,uk,LeoVegas,Everton,7.0
Liverpool,Everton,2025-09-20T11:30:00Z,uk,LeoVegas,Liverpool,1.44
Liverpool,Everton,2025-09-20T11:30:00Z,uk,LeoVegas,Draw,4.9
Liverpool,Everton,2025-09-20T11:30:00Z,uk,Unibet,Everton,7.0
Liverpool,Everton,2025-09-20T11:30:00Z,uk,Unibet,Liverpool,1.43
Liverpool,Everton,2025-09-20T11:30:00Z,uk,Unibet,Draw,4.8
Liverpool,Everton,2025-09-20T11:30:00Z,uk,Casumo,Everton,7.0
Liverpool,Everton,2025-09-20T11:30:00Z,uk,Casumo,Liverpool,1.43
Liverpool,Everton,2025-09-20T11:30:00Z,uk,Casumo,Draw,4.8
Liverpool,Everton,2025-09-20T11:30:00Z,uk,Virgin Bet,Everton,6.75
Liverpool,Everton,2025-09-20T11:30:00Z,uk,Virgin Bet,Liverpool,1.35
Liverpool,Everton,2025-09-20T11:30:00Z,uk,Virgin Bet,Draw,4.5
Liverpool,Everton,2025-09-20T11:30:00Z,uk,Grosvenor,Everton,7.0
Liverpool,Everton,2025-09-20T11:30:00Z,uk,Grosvenor,Liverpool,1.42
Liverpool,Everton,2025-09-20T11:30:00Z,uk,Grosvenor,Draw,4.75
Liverpool,Everton,2025-09-20T11:30:00Z,uk,LiveScore Bet,Everton,6.75
Liverpool,Everton,2025-09-20T11:30:00Z,uk,LiveScore Bet,Liverpool,1.35
Liverpool,Everton,2025-09-20T11:30:00Z,uk,LiveScore Bet,Draw,4.5
Liverpool,Everton,2025-09-20T11:30:00Z,uk,Betfair,Everton,8.2
Liverpool,Everton,2025-09-20T11:30:00Z,uk,Betfair,Liverpool,1.44
Liverpool,Everton,2025-09-20T11:30:00Z,uk,Betfair,Draw,4.8
Liverpool,Everton,2025-09-20T11:30:00Z,uk,Betfair,Everton,9.4
Liverpool,Everton,2025-09-20T11:30:00Z,uk,Betfair,Liverpool,1.46
Liverpool,Everton,2025-09-20T11:30:00Z,uk,Betfair,Draw,5.3
Brighton and Hove Albion,Tottenham Hotspur,2025-09-20T14:00:00Z,uk,Paddy Power,Brighton and Hove Albion,2.0
Brighton and Hove Albion,Tottenham Hotspur,2025-09-20T14:00:00Z,uk,Paddy Power,Tottenham Hotspur,3.3
Brighton and Hove Albion,Tottenham Hotspur,2025-09-20T14:00:00Z,uk,Paddy Power,Draw,3.75
Brighton and Hove Albion,Tottenham Hotspur,2025-09-20T14:00:00Z,uk,888sport,Brighton and Hove Albion,2.05
Brighton and Hove Albion,Tottenham Hotspur,2025-09-20T14:00:00Z,uk,888sport,Tottenham Hotspur,3.3
Brighton and Hove Albion,Tottenham Hotspur,2025-09-20T14:00:00Z,uk,888sport,Draw,3.5
Brighton and Hove Albion,Tottenham Hotspur,2025-09-20T14:00:00Z,uk,Betway,Brighton and Hove Albion,2.05
Brighton and Hove Albion,Tottenham Hotspur,2025-09-20T14:00:00Z,uk,Betway,Tottenham Hotspur,3.25
Brighton and Hove Albion,Tottenham Hotspur,2025-09-20T14:00:00Z,uk,Betway,Draw,3.5
Brighton and Hove Albion,Tottenham Hotspur,2025-09-20T14:00:00Z,uk,William Hill,Brighton and Hove Albion,2.05
Brighton and Hove Albion,Tottenham Hotspur,2025-09-20T14:00:00Z,uk,William Hill,Tottenham Hotspur,3.3
Brighton and Hove Albion,Tottenham Hotspur,2025-09-20T14:00:00Z,uk,William Hill,Draw,3.5
Brighton and Hove Albion,Tottenham Hotspur,2025-09-20T14:00:00Z,uk,Smarkets,Brighton and Hove Albion,2.16
Brighton and Hove Albion,Tottenham Hotspur,2025-09-20T14:00:00Z,uk,Smarkets,Tottenham Hotspur,3.3
Brighton and Hove Albion,Tottenham Hotspur,2025-09-20T14:00:00Z,uk,Smarkets,Draw,3.55
Brighton and Hove Albion,Tottenham Hotspur,2025-09-20T14:00:00Z,uk,Smarkets,Brighton and Hove Albion,2.3
Brighton and Hove Albion,Tottenham Hotspur,2025-09-20T14:00:00Z,uk,Smarkets,Tottenham Hotspur,3.5
Brighton and Hove Albion,Tottenham Hotspur,2025-09-20T14:00:00Z,uk,Smarkets,Draw,3.95
Brighton and Hove Albion,Tottenham Hotspur,2025-09-20T14:00:00Z,uk,Bet Victor,Brighton and Hove Albion,2.05
Brighton and Hove Albion,Tottenham Hotspur,2025-09-20T14:00:00Z,uk,Bet Victor,Tottenham Hotspur,3.12
Brighton and Hove Albion,Tottenham Hotspur,2025-09-20T14:00:00Z,uk,Bet Victor,Draw,3.7
Brighton and Hove Albion,Tottenham Hotspur,2025-09-20T14:00:00Z,uk,BoyleSports,Brighton and Hove Albion,2.05
Brighton and Hove Albion,Tottenham Hotspur,2025-09-20T14:00:00Z,uk,BoyleSports,Tottenham Hotspur,3.3
Brighton and Hove Albion,Tottenham Hotspur,2025-09-20T14:00:00Z,uk,BoyleSports,Draw,3.5
Brighton and Hove Albion,Tottenham Hotspur,2025-09-20T14:00:00Z,uk,LeoVegas,Brighton and Hove Albion,2.1
Brighton and Hove Albion,Tottenham Hotspur,2025-09-20T14:00:00Z,uk,LeoVegas,Tottenham Hotspur,3.3
Brighton and Hove Albion,Tottenham Hotspur,2025-09-20T14:00:00Z,uk,LeoVegas,Draw,3.9
Brighton and Hove Albion,Tottenham Hotspur,2025-09-20T14:00:00Z,uk,Unibet,Brighton and Hove Albion,2.07
Brighton and Hove Albion,Tottenham Hotspur,2025-09-20T14:00:00Z,uk,Unibet,Tottenham Hotspur,3.3
Brighton and Hove Albion,Tottenham Hotspur,2025-09-20T14:00:00Z,uk,Unibet,Draw,3.85
Brighton and Hove Albion,Tottenham Hotspur,2025-09-20T14:00:00Z,uk,Virgin Bet,Brighton and Hove Albion,1.95
Brighton and Hove Albion,Tottenham Hotspur,2025-09-20T14:00:00Z,uk,Virgin Bet,Tottenham Hotspur,3.1
Brighton and Hove Albion,Tottenham Hotspur,2025-09-20T14:00:00Z,uk,Virgin Bet,Draw,3.65
Brighton and Hove Albion,Tottenham Hotspur,2025-09-20T14:00:00Z,uk,Casumo,Brighton and Hove Albion,2.06
Brighton and Hove Albion,Tottenham Hotspur,2025-09-20T14:00:00Z,uk,Casumo,Tottenham Hotspur,3.25
Brighton and Hove Albion,Tottenham Hotspur,2025-09-20T14:00:00Z,uk,Casumo,Draw,3.85
Brighton and Hove Albion,Tottenham Hotspur,2025-09-20T14:00:00Z,uk,Grosvenor,Brighton and Hove Albion,2.05
Brighton and Hove Albion,Tottenham Hotspur,2025-09-20T14:00:00Z,uk,Grosvenor,Tottenham Hotspur,3.25
Brighton and Hove Albion,Tottenham Hotspur,2025-09-20T14:00:00Z,uk,Grosvenor,Draw,3.8
Brighton and Hove Albion,Tottenham Hotspur,2025-09-20T14:00:00Z,uk,LiveScore Bet,Brighton and Hove Albion,1.95
Brighton and Hove Albion,Tottenham Hotspur,2025-09-20T14:00:00Z,uk,LiveScore Bet,Tottenham Hotspur,3.1
Brighton and Hove Albion,Tottenham Hotspur,2025-09-20T14:00:00Z,uk,LiveScore Bet,Draw,3.65
Brighton and Hove Albion,Tottenham Hotspur,2025-09-20T14:00:00Z,uk,Betfair,Brighton and Hove Albion,2.18
Brighton and Hove Albion,Tottenham Hotspur,2025-09-20T14:00:00Z,uk,Betfair,Tottenham Hotspur,3.2
Brighton and Hove Albion,Tottenham Hotspur,2025-09-20T14:00:00Z,uk,Betfair,Draw,3.6
Brighton and Hove Albion,Tottenham Hotspur,2025-09-20T14:00:00Z,uk,Betfair,Brighton and Hove Albion,2.3
Brighton and Hove Albion,Tottenham Hotspur,2025-09-20T14:00:00Z,uk,Betfair,Tottenham Hotspur,3.5
Brighton and Hove Albion,Tottenham Hotspur,2025-09-20T14:00:00Z,uk,Betfair,Draw,3.95
Burnley,Nottingham Forest,2025-09-20T14:00:00Z,uk,Paddy Power,Burnley,3.5
Burnley,Nottingham Forest,2025-09-20T14:00:00Z,uk,Paddy Power,Nottingham Forest,2.1
Burnley,Nottingham Forest,2025-09-20T14:00:00Z,uk,Paddy Power,Draw,3.3
Burnley,Nottingham Forest,2025-09-20T14:00:00Z,uk,888sport,Burnley,3.4
Burnley,Nottingham Forest,2025-09-20T14:00:00Z,uk,888sport,Nottingham Forest,2.1
Burnley,Nottingham Forest,2025-09-20T14:00:00Z,uk,888sport,Draw,3.3
Burnley,Nottingham Forest,2025-09-20T14:00:00Z,uk,William Hill,Burnley,3.4
Burnley,Nottingham Forest,2025-09-20T14:00:00Z,uk,William Hill,Nottingham Forest,2.1
Burnley,Nottingham Forest,2025-09-20T14:00:00Z,uk,William Hill,Draw,3.3
Burnley,Nottingham Forest,2025-09-20T14:00:00Z,uk,Smarkets,Burnley,3.4
Burnley,Nottingham Forest,2025-09-20T14:00:00Z,uk,Smarkets,Nottingham Forest,2.1
Burnley,Nottingham Forest,2025-09-20T14:00:00Z,uk,Smarkets,Draw,3.35
Burnley,Nottingham Forest,2025-09-20T14:00:00Z,uk,Smarkets,Burnley,4.1
Burnley,Nottingham Forest,2025-09-20T14:00:00Z,uk,Smarkets,Nottingham Forest,2.34
Burnley,Nottingham Forest,2025-09-20T14:00:00Z,uk,Smarkets,Draw,3.95
Burnley,Nottingham Forest,2025-09-20T14:00:00Z,uk,Betway,Burnley,3.3
Burnley,Nottingham Forest,2025-09-20T14:00:00Z,uk,Betway,Nottingham Forest,2.1
Burnley,Nottingham Forest,2025-09-20T14:00:00Z,uk,Betway,Draw,3.3
Burnley,Nottingham Forest,2025-09-20T14:00:00Z,uk,Bet Victor,Burnley,3.3
Burnley,Nottingham Forest,2025-09-20T14:00:00Z,uk,Bet Victor,Nottingham Forest,2.1
Burnley,Nottingham Forest,2025-09-20T14:00:00Z,uk,Bet Victor,Draw,3.4
Burnley,Nottingham Forest,2025-09-20T14:00:00Z,uk,BoyleSports,Burnley,3.3
Burnley,Nottingham Forest,2025-09-20T14:00:00Z,uk,BoyleSports,Nottingham Forest,2.1
Burnley,Nottingham Forest,2025-09-20T14:00:00Z,uk,BoyleSports,Draw,3.3
Burnley,Nottingham Forest,2025-09-20T14:00:00Z,uk,LeoVegas,Burnley,3.7
Burnley,Nottingham Forest,2025-09-20T14:00:00Z,uk,LeoVegas,Nottingham Forest,2.05
Burnley,Nottingham Forest,2025-09-20T14:00:00Z,uk,LeoVegas,Draw,3.6
Burnley,Nottingham Forest,2025-09-20T14:00:00Z,uk,Unibet,Burnley,3.65
Burnley,Nottingham Forest,2025-09-20T14:00:00Z,uk,Unibet,Nottingham Forest,2.02
Burnley,Nottingham Forest,2025-09-20T14:00:00Z,uk,Unibet,Draw,3.55
Burnley,Nottingham Forest,2025-09-20T14:00:00Z,uk,Casumo,Burnley,3.65
Burnley,Nottingham Forest,2025-09-20T14:00:00Z,uk,Casumo,Nottingham Forest,2.02
Burnley,Nottingham Forest,2025-09-20T14:00:00Z,uk,Casumo,Draw,3.55
Burnley,Nottingham Forest,2025-09-20T14:00:00Z,uk,Virgin Bet,Burnley,3.45
Burnley,Nottingham Forest,2025-09-20T14:00:00Z,uk,Virgin Bet,Nottingham Forest,1.91
Burnley,Nottingham Forest,2025-09-20T14:00:00Z,uk,Virgin Bet,Draw,3.35
Burnley,Nottingham Forest,2025-09-20T14:00:00Z,uk,Grosvenor,Burnley,3.65
Burnley,Nottingham Forest,2025-09-20T14:00:00Z,uk,Grosvenor,Nottingham Forest,2.0
Burnley,Nottingham Forest,2025-09-20T14:00:00Z,uk,Grosvenor,Draw,3.5
Burnley,Nottingham Forest,2025-09-20T14:00:00Z,uk,LiveScore Bet,Burnley,3.45
Burnley,Nottingham Forest,2025-09-20T14:00:00Z,uk,LiveScore Bet,Nottingham Forest,1.91
Burnley,Nottingham Forest,2025-09-20T14:00:00Z,uk,LiveScore Bet,Draw,3.35
Burnley,Nottingham Forest,2025-09-20T14:00:00Z,uk,Betfair,Burnley,3.55
Burnley,Nottingham Forest,2025-09-20T14:00:00Z,uk,Betfair,Nottingham Forest,2.12
Burnley,Nottingham Forest,2025-09-20T14:00:00Z,uk,Betfair,Draw,3.4
Burnley,Nottingham Forest,2025-09-20T14:00:00Z,uk,Betfair,Burnley,4.1
Burnley,Nottingham Forest,2025-09-20T14:00:00Z,uk,Betfair,Nottingham Forest,2.34
Burnley,Nottingham Forest,2025-09-20T14:00:00Z,uk,Betfair,Draw,3.95
West Ham United,Crystal Palace,2025-09-20T14:00:00Z,uk,888sport,Crystal Palace,2.45
West Ham United,Crystal Palace,2025-09-20T14:00:00Z,uk,888sport,West Ham United,2.8
West Ham United,Crystal Palace,2025-09-20T14:00:00Z,uk,888sport,Draw,3.3
West Ham United,Crystal Palace,2025-09-20T14:00:00Z,uk,Paddy Power,Crystal Palace,2.45
West Ham United,Crystal Palace,2025-09-20T14:00:00Z,uk,Paddy Power,West Ham United,2.88
West Ham United,Crystal Palace,2025-09-20T14:00:00Z,uk,Paddy Power,Draw,3.3
West Ham United,Crystal Palace,2025-09-20T14:00:00Z,uk,William Hill,Crystal Palace,2.45
West Ham United,Crystal Palace,2025-09-20T14:00:00Z,uk,William Hill,West Ham United,2.8
West Ham United,Crystal Palace,2025-09-20T14:00:00Z,uk,William Hill,Draw,3.3
West Ham United,Crystal Palace,2025-09-20T14:00:00Z,uk,Smarkets,Crystal Palace,2.46
West Ham United,Crystal Palace,2025-09-20T14:00:00Z,uk,Smarkets,West Ham United,2.94
West Ham United,Crystal Palace,2025-09-20T14:00:00Z,uk,Smarkets,Draw,3.25
West Ham United,Crystal Palace,2025-09-20T14:00:00Z,uk,Smarkets,Crystal Palace,2.66
West Ham United,Crystal Palace,2025-09-20T14:00:00Z,uk,Smarkets,West Ham United,3.2
West Ham United,Crystal Palace,2025-09-20T14:00:00Z,uk,Smarkets,Draw,3.55
West Ham United,Crystal Palace,2025-09-20T14:00:00Z,uk,Betway,Crystal Palace,2.4
West Ham United,Crystal Palace,2025-09-20T14:00:00Z,uk,Betway,West Ham United,2.75
West Ham United,Crystal Palace,2025-09-20T14:00:00Z,uk,Betway,Draw,3.3
West Ham United,Crystal Palace,2025-09-20T14:00:00Z,uk,Bet Victor,Crystal Palace,2.45
West Ham United,Crystal Palace,2025-09-20T14:00:00Z,uk,Bet Victor,West Ham United,2.75
West Ham United,Crystal Palace,2025-09-20T14:00:00Z,uk,Bet Victor,Draw,3.3
West Ham United,Crystal Palace,2025-09-20T14:00:00Z,uk,BoyleSports,Crystal Palace,2.4
West Ham United,Crystal Palace,2025-09-20T14:00:00Z,uk,BoyleSports,West Ham United,2.88
West Ham United,Crystal Palace,2025-09-20T14:00:00Z,uk,BoyleSports,Draw,3.25
West Ham United,Crystal Palace,2025-09-20T14:00:00Z,uk,LeoVegas,Crystal Palace,2.5
West Ham United,Crystal Palace,2025-09-20T14:00:00Z,uk,LeoVegas,West Ham United,2.85
West Ham United,Crystal Palace,2025-09-20T14:00:00Z,uk,LeoVegas,Draw,3.5
West Ham United,Crystal Palace,2025-09-20T14:00:00Z,uk,Unibet,Crystal Palace,2.48
West Ham United,Crystal Palace,2025-09-20T14:00:00Z,uk,Unibet,West Ham United,2.85
West Ham United,Crystal Palace,2025-09-20T14:00:00Z,uk,Unibet,Draw,3.45
West Ham United,Crystal Palace,2025-09-20T14:00:00Z,uk,Virgin Bet,Crystal Palace,2.33
West Ham United,Crystal Palace,2025-09-20T14:00:00Z,uk,Virgin Bet,West Ham United,2.65
West Ham United,Crystal Palace,2025-09-20T14:00:00Z,uk,Virgin Bet,Draw,3.25
West Ham United,Crystal Palace,2025-09-20T14:00:00Z,uk,Casumo,Crystal Palace,2.48
West Ham United,Crystal Palace,2025-09-20T14:00:00Z,uk,Casumo,West Ham United,2.8
West Ham United,Crystal Palace,2025-09-20T14:00:00Z,uk,Casumo,Draw,3.45
West Ham United,Crystal Palace,2025-09-20T14:00:00Z,uk,Grosvenor,Crystal Palace,2.45
West Ham United,Crystal Palace,2025-09-20T14:00:00Z,uk,Grosvenor,West Ham United,2.8
West Ham United,Crystal Palace,2025-09-20T14:00:00Z,uk,Grosvenor,Draw,3.4
West Ham United,Crystal Palace,2025-09-20T14:00:00Z,uk,LiveScore Bet,Crystal Palace,2.33
West Ham United,Crystal Palace,2025-09-20T14:00:00Z,uk,LiveScore Bet,West Ham United,2.65
West Ham United,Crystal Palace,2025-09-20T14:00:00Z,uk,LiveScore Bet,Draw,3.25
West Ham United,Crystal Palace,2025-09-20T14:00:00Z,uk,Betfair,Crystal Palace,2.48
West Ham United,Crystal Palace,2025-09-20T14:00:00Z,uk,Betfair,West Ham United,3.0
West Ham United,Crystal Palace,2025-09-20T14:00:00Z,uk,Betfair,Draw,3.3
West Ham United,Crystal Palace,2025-09-20T14:00:00Z,uk,Betfair,Crystal Palace,2.66
West Ham United,Crystal Palace,2025-09-20T14:00:00Z,uk,Betfair,West Ham United,3.2
West Ham United,Crystal Palace,2025-09-20T14:00:00Z,uk,Betfair,Draw,3.55
Wolverhampton Wanderers,Leeds United,2025-09-20T14:00:00Z,uk,Paddy Power,Leeds United,2.9
Wolverhampton Wanderers,Leeds United,2025-09-20T14:00:00Z,uk,Paddy Power,Wolverhampton Wanderers,2.4
Wolverhampton Wanderers,Leeds United,2025-09-20T14:00:00Z,uk,Paddy Power,Draw,3.2
Wolverhampton Wanderers,Leeds United,2025-09-20T14:00:00Z,uk,888sport,Leeds United,2.9
Wolverhampton Wanderers,Leeds United,2025-09-20T14:00:00Z,uk,888sport,Wolverhampton Wanderers,2.45
Wolverhampton Wanderers,Leeds United,2025-09-20T14:00:00Z,uk,888sport,Draw,3.2
Wolverhampton Wanderers,Leeds United,2025-09-20T14:00:00Z,uk,William Hill,Leeds United,2.9
Wolverhampton Wanderers,Leeds United,2025-09-20T14:00:00Z,uk,William Hill,Wolverhampton Wanderers,2.45
Wolverhampton Wanderers,Leeds United,2025-09-20T14:00:00Z,uk,William Hill,Draw,3.2
Wolverhampton Wanderers,Leeds United,2025-09-20T14:00:00Z,uk,Smarkets,Leeds United,3.0
Wolverhampton Wanderers,Leeds United,2025-09-20T14:00:00Z,uk,Smarkets,Wolverhampton Wanderers,2.5
Wolverhampton Wanderers,Leeds United,2025-09-20T14:00:00Z,uk,Smarkets,Draw,3.1
Wolverhampton Wanderers,Leeds United,2025-09-20T14:00:00Z,uk,Smarkets,Leeds United,3.35
Wolverhampton Wanderers,Leeds United,2025-09-20T14:00:00Z,uk,Smarkets,Wolverhampton Wanderers,2.62
Wolverhampton Wanderers,Leeds United,2025-09-20T14:00:00Z,uk,Smarkets,Draw,3.45
Wolverhampton Wanderers,Leeds United,2025-09-20T14:00:00Z,uk,Betway,Leeds United,2.8
Wolverhampton Wanderers,Leeds United,2025-09-20T14:00:00Z,uk,Betway,Wolverhampton Wanderers,2.5
Wolverhampton Wanderers,Leeds United,2025-09-20T14:00:00Z,uk,Betway,Draw,3.1
Wolverhampton Wanderers,Leeds United,2025-09-20T14:00:00Z,uk,Bet Victor,Leeds United,2.88
Wolverhampton Wanderers,Leeds United,2025-09-20T14:00:00Z,uk,Bet Victor,Wolverhampton Wanderers,2.38
Wolverhampton Wanderers,Leeds United,2025-09-20T14:00:00Z,uk,Bet Victor,Draw,3.25
Wolverhampton Wanderers,Leeds United,2025-09-20T14:00:00Z,uk,BoyleSports,Leeds United,2.9
Wolverhampton Wanderers,Leeds United,2025-09-20T14:00:00Z,uk,BoyleSports,Wolverhampton Wanderers,2.4
Wolverhampton Wanderers,Leeds United,2025-09-20T14:00:00Z,uk,BoyleSports,Draw,3.1
Wolverhampton Wanderers,Leeds United,2025-09-20T14:00:00Z,uk,LeoVegas,Leeds United,3.0
Wolverhampton Wanderers,Leeds United,2025-09-20T14:00:00Z,uk,LeoVegas,Wolverhampton Wanderers,2.43
Wolverhampton Wanderers,Leeds United,2025-09-20T14:00:00Z,uk,LeoVegas,Draw,3.45
Wolverhampton Wanderers,Leeds United,2025-09-20T14:00:00Z,uk,Unibet,Leeds United,2.95
Wolverhampton Wanderers,Leeds United,2025-09-20T14:00:00Z,uk,Unibet,Wolverhampton Wanderers,2.4
Wolverhampton Wanderers,Leeds United,2025-09-20T14:00:00Z,uk,Unibet,Draw,3.4
Wolverhampton Wanderers,Leeds United,2025-09-20T14:00:00Z,uk,Casumo,Leeds United,2.95
Wolverhampton Wanderers,Leeds United,2025-09-20T14:00:00Z,uk,Casumo,Wolverhampton Wanderers,2.4
Wolverhampton Wanderers,Leeds United,2025-09-20T14:00:00Z,uk,Casumo,Draw,3.4
Wolverhampton Wanderers,Leeds United,2025-09-20T14:00:00Z,uk,Virgin Bet,Leeds United,2.8
Wolverhampton Wanderers,Leeds United,2025-09-20T14:00:00Z,uk,Virgin Bet,Wolverhampton Wanderers,2.28
Wolverhampton Wanderers,Leeds United,2025-09-20T14:00:00Z,uk,Virgin Bet,Draw,3.2
Wolverhampton Wanderers,Leeds United,2025-09-20T14:00:00Z,uk,Grosvenor,Leeds United,2.95
Wolverhampton Wanderers,Leeds United,2025-09-20T14:00:00Z,uk,Grosvenor,Wolverhampton Wanderers,2.38
Wolverhampton Wanderers,Leeds United,2025-09-20T14:00:00Z,uk,Grosvenor,Draw,3.35
Wolverhampton Wanderers,Leeds United,2025-09-20T14:00:00Z,uk,LiveScore Bet,Leeds United,2.8
Wolverhampton Wanderers,Leeds United,2025-09-20T14:00:00Z,uk,LiveScore Bet,Wolverhampton Wanderers,2.28
Wolverhampton Wanderers,Leeds United,2025-09-20T14:00:00Z,uk,LiveScore Bet,Draw,3.2
Wolverhampton Wanderers,Leeds United,2025-09-20T14:00:00Z,uk,Betfair,Leeds United,3.1
Wolverhampton Wanderers,Leeds United,2025-09-20T14:00:00Z,uk,Betfair,Wolverhampton Wanderers,2.52
Wolverhampton Wanderers,Leeds United,2025-09-20T14:00:00Z,uk,Betfair,Draw,3.15
Wolverhampton Wanderers,Leeds United,2025-09-20T14:00:00Z,uk,Betfair,Leeds United,3.35
Wolverhampton Wanderers,Leeds United,2025-09-20T14:00:00Z,uk,Betfair,Wolverhampton Wanderers,2.62
Wolverhampton Wanderers,Leeds United,2025-09-20T14:00:00Z,uk,Betfair,Draw,3.45
Manchester United,Chelsea,2025-09-20T16:30:00Z,uk,888sport,Chelsea,2.38
Manchester United,Chelsea,2025-09-20T16:30:00Z,uk,888sport,Manchester United,2.8
Manchester United,Chelsea,2025-09-20T16:30:00Z,uk,888sport,Draw,3.5
Manchester United,Chelsea,2025-09-20T16:30:00Z,uk,Paddy Power,Chelsea,2.5
Manchester United,Chelsea,2025-09-20T16:30:00Z,uk,Paddy Power,Manchester United,2.62
Manchester United,Chelsea,2025-09-20T16:30:00Z,uk,Paddy Power,Draw,3.4
Manchester United,Chelsea,2025-09-20T16:30:00Z,uk,William Hill,Chelsea,2.38
Manchester United,Chelsea,2025-09-20T16:30:00Z,uk,William Hill,Manchester United,2.8
Manchester United,Chelsea,2025-09-20T16:30:00Z,uk,William Hill,Draw,3.5
Manchester United,Chelsea,2025-09-20T16:30:00Z,uk,Betway,Chelsea,2.38
Manchester United,Chelsea,2025-09-20T16:30:00Z,uk,Betway,Manchester United,2.7
Manchester United,Chelsea,2025-09-20T16:30:00Z,uk,Betway,Draw,3.5
Manchester United,Chelsea,2025-09-20T16:30:00Z,uk,Smarkets,Chelsea,2.56
Manchester United,Chelsea,2025-09-20T16:30:00Z,uk,Smarkets,Manchester United,2.58
Manchester United,Chelsea,2025-09-20T16:30:00Z,uk,Smarkets,Draw,3.5
Manchester United,Chelsea,2025-09-20T16:30:00Z,uk,Smarkets,Chelsea,2.98
Manchester United,Chelsea,2025-09-20T16:30:00Z,uk,Smarkets,Manchester United,2.86
Manchester United,Chelsea,2025-09-20T16:30:00Z,uk,Smarkets,Draw,3.8
Manchester United,Chelsea,2025-09-20T16:30:00Z,uk,Bet Victor,Chelsea,2.38
Manchester United,Chelsea,2025-09-20T16:30:00Z,uk,Bet Victor,Manchester United,2.7
Manchester United,Chelsea,2025-09-20T16:30:00Z,uk,Bet Victor,Draw,3.6
Manchester United,Chelsea,2025-09-20T16:30:00Z,uk,BoyleSports,Chelsea,2.38
Manchester United,Chelsea,2025-09-20T16:30:00Z,uk,BoyleSports,Manchester United,2.8
Manchester United,Chelsea,2025-09-20T16:30:00Z,uk,BoyleSports,Draw,3.4
Manchester United,Chelsea,2025-09-20T16:30:00Z,uk,LeoVegas,Chelsea,2.45
Manchester United,Chelsea,2025-09-20T16:30:00Z,uk,LeoVegas,Manchester United,2.7
Manchester United,Chelsea,2025-09-20T16:30:00Z,uk,LeoVegas,Draw,3.8
Manchester United,Chelsea,2025-09-20T16:30:00Z,uk,Unibet,Chelsea,2.43
Manchester United,Chelsea,2025-09-20T16:30:00Z,uk,Unibet,Manchester United,2.7
Manchester United,Chelsea,2025-09-20T16:30:00Z,uk,Unibet,Draw,3.75
Manchester United,Chelsea,2025-09-20T16:30:00Z,uk,Virgin Bet,Chelsea,2.28
Manchester United,Chelsea,2025-09-20T16:30:00Z,uk,Virgin Bet,Manchester United,2.55
Manchester United,Chelsea,2025-09-20T16:30:00Z,uk,Virgin Bet,Draw,3.55
Manchester United,Chelsea,2025-09-20T16:30:00Z,uk,Casumo,Chelsea,2.4
Manchester United,Chelsea,2025-09-20T16:30:00Z,uk,Casumo,Manchester United,2.65
Manchester United,Chelsea,2025-09-20T16:30:00Z,uk,Casumo,Draw,3.75
Manchester United,Chelsea,2025-09-20T16:30:00Z,uk,Grosvenor,Chelsea,2.4
Manchester United,Chelsea,2025-09-20T16:30:00Z,uk,Grosvenor,Manchester United,2.65
Manchester United,Chelsea,2025-09-20T16:30:00Z,uk,Grosvenor,Draw,3.75
Manchester United,Chelsea,2025-09-20T16:30:00Z,uk,LiveScore Bet,Chelsea,2.28
Manchester United,Chelsea,2025-09-20T16:30:00Z,uk,LiveScore Bet,Manchester United,2.55
Manchester United,Chelsea,2025-09-20T16:30:00Z,uk,LiveScore Bet,Draw,3.55
Manchester United,Chelsea,2025-09-20T16:30:00Z,uk,Betfair,Chelsea,2.6
Manchester United,Chelsea,2025-09-20T16:30:00Z,uk,Betfair,Manchester United,2.6
Manchester United,Chelsea,2025-09-20T16:30:00Z,uk,Betfair,Draw,3.55
Manchester United,Chelsea,2025-09-20T16:30:00Z,uk,Betfair,Chelsea,2.98
Manchester United,Chelsea,2025-09-20T16:30:00Z,uk,Betfair,Manchester United,2.86
Manchester United,Chelsea,2025-09-20T16:30:00Z,uk,Betfair,Draw,3.8
Fulham,Brentford,2025-09-20T19:00:00Z,uk,Paddy Power,Brentford,3.6
Fulham,Brentford,2025-09-20T19:00:00Z,uk,Paddy Power,Fulham,2.0
Fulham,Brentford,2025-09-20T19:00:00Z,uk,Paddy Power,Draw,3.5
Fulham,Brentford,2025-09-20T19:00:00Z,uk,888sport,Brentford,3.4
Fulham,Brentford,2025-09-20T19:00:00Z,uk,888sport,Fulham,2.05
Fulham,Brentford,2025-09-20T19:00:00Z,uk,888sport,Draw,3.5
Fulham,Brentford,2025-09-20T19:00:00Z,uk,William Hill,Brentford,3.4
Fulham,Brentford,2025-09-20T19:00:00Z,uk,William Hill,Fulham,2.05
Fulham,Brentford,2025-09-20T19:00:00Z,uk,William Hill,Draw,3.5
Fulham,Brentford,2025-09-20T19:00:00Z,uk,Smarkets,Brentford,3.45
Fulham,Brentford,2025-09-20T19:00:00Z,uk,Smarkets,Fulham,2.02
Fulham,Brentford,2025-09-20T19:00:00Z,uk,Smarkets,Draw,3.5
Fulham,Brentford,2025-09-20T19:00:00Z,uk,Smarkets,Brentford,4.1
Fulham,Brentford,2025-09-20T19:00:00Z,uk,Smarkets,Fulham,2.22
Fulham,Brentford,2025-09-20T19:00:00Z,uk,Smarkets,Draw,3.8
Fulham,Brentford,2025-09-20T19:00:00Z,uk,Betway,Brentford,3.3
Fulham,Brentford,2025-09-20T19:00:00Z,uk,Betway,Fulham,2.05
Fulham,Brentford,2025-09-20T19:00:00Z,uk,Betway,Draw,3.4
Fulham,Brentford,2025-09-20T19:00:00Z,uk,Bet Victor,Brentford,3.5
Fulham,Brentford,2025-09-20T19:00:00Z,uk,Bet Victor,Fulham,2.0
Fulham,Brentford,2025-09-20T19:00:00Z,uk,Bet Victor,Draw,3.5
Fulham,Brentford,2025-09-20T19:00:00Z,uk,BoyleSports,Brentford,3.6
Fulham,Brentford,2025-09-20T19:00:00Z,uk,BoyleSports,Fulham,1.95
Fulham,Brentford,2025-09-20T19:00:00Z,uk,BoyleSports,Draw,3.4
Fulham,Brentford,2025-09-20T19:00:00Z,uk,LeoVegas,Brentford,3.4
Fulham,Brentford,2025-09-20T19:00:00Z,uk,LeoVegas,Fulham,2.08
Fulham,Brentford,2025-09-20T19:00:00Z,uk,LeoVegas,Draw,3.8
Fulham,Brentford,2025-09-20T19:00:00Z,uk,Unibet,Brentford,3.4
Fulham,Brentford,2025-09-20T19:00:00Z,uk,Unibet,Fulham,2.06
Fulham,Brentford,2025-09-20T19:00:00Z,uk,Unibet,Draw,3.75
Fulham,Brentford,2025-09-20T19:00:00Z,uk,Virgin Bet,Brentford,3.2
Fulham,Brentford,2025-09-20T19:00:00Z,uk,Virgin Bet,Fulham,1.95
Fulham,Brentford,2025-09-20T19:00:00Z,uk,Virgin Bet,Draw,3.55
Fulham,Brentford,2025-09-20T19:00:00Z,uk,Casumo,Brentford,3.35
Fulham,Brentford,2025-09-20T19:00:00Z,uk,Casumo,Fulham,2.05
Fulham,Brentford,2025-09-20T19:00:00Z,uk,Casumo,Draw,3.75
Fulham,Brentford,2025-09-20T19:00:00Z,uk,Grosvenor,Brentford,3.35
Fulham,Brentford,2025-09-20T19:00:00Z,uk,Grosvenor,Fulham,2.04
Fulham,Brentford,2025-09-20T19:00:00Z,uk,Grosvenor,Draw,3.7
Fulham,Brentford,2025-09-20T19:00:00Z,uk,LiveScore Bet,Brentford,3.2
Fulham,Brentford,2025-09-20T19:00:00Z,uk,LiveScore Bet,Fulham,1.95
Fulham,Brentford,2025-09-20T19:00:00Z,uk,LiveScore Bet,Draw,3.55
Fulham,Brentford,2025-09-20T19:00:00Z,uk,Betfair,Brentford,3.5
Fulham,Brentford,2025-09-20T19:00:00Z,uk,Betfair,Fulham,2.04
Fulham,Brentford,2025-09-20T19:00:00Z,uk,Betfair,Draw,3.6
Fulham,Brentford,2025-09-20T19:00:00Z,uk,Betfair,Brentford,4.1
Fulham,Brentford,2025-09-20T19:00:00Z,uk,Betfair,Fulham,2.22
Fulham,Brentford,2025-09-20T19:00:00Z,uk,Betfair,Draw,3.8
Sunderland,Aston Villa,2025-09-21T13:00:00Z,uk,888sport,Aston Villa,1.91
Sunderland,Aston Villa,2025-09-21T13:00:00Z,uk,888sport,Sunderland,3.75
Sunderland,Aston Villa,2025-09-21T13:00:00Z,uk,888sport,Draw,3.6
Sunderland,Aston Villa,2025-09-21T13:00:00Z,uk,Paddy Power,Aston Villa,1.91
Sunderland,Aston Villa,2025-09-21T13:00:00Z,uk,Paddy Power,Sunderland,4.0
Sunderland,Aston Villa,2025-09-21T13:00:00Z,uk,Paddy Power,Draw,3.5
Sunderland,Aston Villa,2025-09-21T13:00:00Z,uk,William Hill,Aston Villa,1.91
Sunderland,Aston Villa,2025-09-21T13:00:00Z,uk,William Hill,Sunderland,3.75
Sunderland,Aston Villa,2025-09-21T13:00:00Z,uk,William Hill,Draw,3.6
Sunderland,Aston Villa,2025-09-21T13:00:00Z,uk,Betway,Aston Villa,1.91
Sunderland,Aston Villa,2025-09-21T13:00:00Z,uk,Betway,Sunderland,3.6
Sunderland,Aston Villa,2025-09-21T13:00:00Z,uk,Betway,Draw,3.6
Sunderland,Aston Villa,2025-09-21T13:00:00Z,uk,Smarkets,Aston Villa,1.89
Sunderland,Aston Villa,2025-09-21T13:00:00Z,uk,Smarkets,Sunderland,4.0
Sunderland,Aston Villa,2025-09-21T13:00:00Z,uk,Smarkets,Draw,3.7
Sunderland,Aston Villa,2025-09-21T13:00:00Z,uk,Smarkets,Aston Villa,2.1
Sunderland,Aston Villa,2025-09-21T13:00:00Z,uk,Smarkets,Sunderland,4.3
Sunderland,Aston Villa,2025-09-21T13:00:00Z,uk,Smarkets,Draw,4.4
Sunderland,Aston Villa,2025-09-21T13:00:00Z,uk,Bet Victor,Aston Villa,1.87
Sunderland,Aston Villa,2025-09-21T13:00:00Z,uk,Bet Victor,Sunderland,3.9
Sunderland,Aston Villa,2025-09-21T13:00:00Z,uk,Bet Victor,Draw,3.5
Sunderland,Aston Villa,2025-09-21T13:00:00Z,uk,BoyleSports,Aston Villa,1.91
Sunderland,Aston Villa,2025-09-21T13:00:00Z,uk,BoyleSports,Sunderland,3.8
Sunderland,Aston Villa,2025-09-21T13:00:00Z,uk,BoyleSports,Draw,3.4
Sunderland,Aston Villa,2025-09-21T13:00:00Z,uk,LeoVegas,Aston Villa,1.93
Sunderland,Aston Villa,2025-09-21T13:00:00Z,uk,LeoVegas,Sunderland,4.0
Sunderland,Aston Villa,2025-09-21T13:00:00Z,uk,LeoVegas,Draw,3.7
Sunderland,Aston Villa,2025-09-21T13:00:00Z,uk,Unibet,Aston Villa,1.91
Sunderland,Aston Villa,2025-09-21T13:00:00Z,uk,Unibet,Sunderland,3.95
Sunderland,Aston Villa,2025-09-21T13:00:00Z,uk,Unibet,Draw,3.65
Sunderland,Aston Villa,2025-09-21T13:00:00Z,uk,Virgin Bet,Aston Villa,1.8
Sunderland,Aston Villa,2025-09-21T13:00:00Z,uk,Virgin Bet,Sunderland,3.75
Sunderland,Aston Villa,2025-09-21T13:00:00Z,uk,Virgin Bet,Draw,3.45
Sunderland,Aston Villa,2025-09-21T13:00:00Z,uk,Casumo,Aston Villa,1.89
Sunderland,Aston Villa,2025-09-21T13:00:00Z,uk,Casumo,Sunderland,3.95
Sunderland,Aston Villa,2025-09-21T13:00:00Z,uk,Casumo,Draw,3.6
Sunderland,Aston Villa,2025-09-21T13:00:00Z,uk,Grosvenor,Aston Villa,1.88
Sunderland,Aston Villa,2025-09-21T13:00:00Z,uk,Grosvenor,Sunderland,3.95
Sunderland,Aston Villa,2025-09-21T13:00:00Z,uk,Grosvenor,Draw,3.6
Sunderland,Aston Villa,2025-09-21T13:00:00Z,uk,LiveScore Bet,Aston Villa,1.8
Sunderland,Aston Villa,2025-09-21T13:00:00Z,uk,LiveScore Bet,Sunderland,3.75
Sunderland,Aston Villa,2025-09-21T13:00:00Z,uk,LiveScore Bet,Draw,3.45
Sunderland,Aston Villa,2025-09-21T13:00:00Z,uk,Betfair,Aston Villa,1.96
Sunderland,Aston Villa,2025-09-21T13:00:00Z,uk,Betfair,Sunderland,3.55
Sunderland,Aston Villa,2025-09-21T13:00:00Z,uk,Betfair,Draw,3.45
Sunderland,Aston Villa,2025-09-21T13:00:00Z,uk,Betfair,Aston Villa,2.14
Sunderland,Aston Villa,2025-09-21T13:00:00Z,uk,Betfair,Sunderland,4.9
Sunderland,Aston Villa,2025-09-21T13:00:00Z,uk,Betfair,Draw,3.8
Bournemouth,Newcastle United,2025-09-21T13:00:00Z,uk,Smarkets,Bournemouth,2.56
Bournemouth,Newcastle United,2025-09-21T13:00:00Z,uk,Smarkets,Newcastle United,2.72
Bournemouth,Newcastle United,2025-09-21T13:00:00Z,uk,Smarkets,Draw,3.45
Bournemouth,Newcastle United,2025-09-21T13:00:00Z,uk,Smarkets,Bournemouth,2.7
Bournemouth,Newcastle United,2025-09-21T13:00:00Z,uk,Smarkets,Newcastle United,3.05
Bournemouth,Newcastle United,2025-09-21T13:00:00Z,uk,Smarkets,Draw,3.7
Bournemouth,Newcastle United,2025-09-21T13:00:00Z,uk,William Hill,Bournemouth,2.5
Bournemouth,Newcastle United,2025-09-21T13:00:00Z,uk,William Hill,Newcastle United,2.5
Bournemouth,Newcastle United,2025-09-21T13:00:00Z,uk,William Hill,Draw,3.5
Bournemouth,Newcastle United,2025-09-21T13:00:00Z,uk,Betway,Bournemouth,2.5
Bournemouth,Newcastle United,2025-09-21T13:00:00Z,uk,Betway,Newcastle United,2.6
Bournemouth,Newcastle United,2025-09-21T13:00:00Z,uk,Betway,Draw,3.4
Bournemouth,Newcastle United,2025-09-21T13:00:00Z,uk,BoyleSports,Bournemouth,2.6
Bournemouth,Newcastle United,2025-09-21T13:00:00Z,uk,BoyleSports,Newcastle United,2.6
Bournemouth,Newcastle United,2025-09-21T13:00:00Z,uk,BoyleSports,Draw,3.5
Bournemouth,Newcastle United,2025-09-21T13:00:00Z,uk,888sport,Bournemouth,2.5
Bournemouth,Newcastle United,2025-09-21T13:00:00Z,uk,888sport,Newcastle United,2.5
Bournemouth,Newcastle United,2025-09-21T13:00:00Z,uk,888sport,Draw,3.5
Bournemouth,Newcastle United,2025-09-21T13:00:00Z,uk,Betfair,Bournemouth,2.58
Bournemouth,Newcastle United,2025-09-21T13:00:00Z,uk,Betfair,Newcastle United,2.78
Bournemouth,Newcastle United,2025-09-21T13:00:00Z,uk,Betfair,Draw,3.5
Bournemouth,Newcastle United,2025-09-21T13:00:00Z,uk,Betfair,Bournemouth,2.7
Bournemouth,Newcastle United,2025-09-21T13:00:00Z,uk,Betfair,Newcastle United,3.05
Bournemouth,Newcastle United,2025-09-21T13:00:00Z,uk,Betfair,Draw,3.7
Bournemouth,Newcastle United,2025-09-21T13:00:00Z,uk,Paddy Power,Bournemouth,2.6
Bournemouth,Newcastle United,2025-09-21T13:00:00Z,uk,Paddy Power,Newcastle United,2.6
Bournemouth,Newcastle United,2025-09-21T13:00:00Z,uk,Paddy Power,Draw,3.4
Bournemouth,Newcastle United,2025-09-21T13:00:00Z,uk,LeoVegas,Bournemouth,2.65
Bournemouth,Newcastle United,2025-09-21T13:00:00Z,uk,LeoVegas,Newcastle United,2.6
Bournemouth,Newcastle United,2025-09-21T13:00:00Z,uk,LeoVegas,Draw,3.65
Bournemouth,Newcastle United,2025-09-21T13:00:00Z,uk,Grosvenor,Bournemouth,2.6
Bournemouth,Newcastle United,2025-09-21T13:00:00Z,uk,Grosvenor,Newcastle United,2.55
Bournemouth,Newcastle United,2025-09-21T13:00:00Z,uk,Grosvenor,Draw,3.6
Bournemouth,Newcastle United,2025-09-21T13:00:00Z,uk,Virgin Bet,Bournemouth,2.48
Bournemouth,Newcastle United,2025-09-21T13:00:00Z,uk,Virgin Bet,Newcastle United,2.43
Bournemouth,Newcastle United,2025-09-21T13:00:00Z,uk,Virgin Bet,Draw,3.4
Bournemouth,Newcastle United,2025-09-21T13:00:00Z,uk,Casumo,Bournemouth,2.6
Bournemouth,Newcastle United,2025-09-21T13:00:00Z,uk,Casumo,Newcastle United,2.55
Bournemouth,Newcastle United,2025-09-21T13:00:00Z,uk,Casumo,Draw,3.6
Bournemouth,Newcastle United,2025-09-21T13:00:00Z,uk,Unibet,Bournemouth,2.63
Bournemouth,Newcastle United,2025-09-21T13:00:00Z,uk,Unibet,Newcastle United,2.55
Bournemouth,Newcastle United,2025-09-21T13:00:00Z,uk,Unibet,Draw,3.6
Bournemouth,Newcastle United,2025-09-21T13:00:00Z,uk,LiveScore Bet,Bournemouth,2.48
Bournemouth,Newcastle United,2025-09-21T13:00:00Z,uk,LiveScore Bet,Newcastle United,2.43
Bournemouth,Newcastle United,2025-09-21T13:00:00Z,uk,LiveScore Bet,Draw,3.4
Arsenal,Manchester City,2025-09-21T15:30:00Z,uk,Paddy Power,Arsenal,2.0
Arsenal,Manchester City,2025-09-21T15:30:00Z,uk,Paddy Power,Manchester City,3.6
Arsenal,Manchester City,2025-09-21T15:30:00Z,uk,Paddy Power,Draw,3.5
Arsenal,Manchester City,2025-09-21T15:30:00Z,uk,888sport,Arsenal,2.0
Arsenal,Manchester City,2025-09-21T15:30:00Z,uk,888sport,Manchester City,3.5
Arsenal,Manchester City,2025-09-21T15:30:00Z,uk,888sport,Draw,3.5
Arsenal,Manchester City,2025-09-21T15:30:00Z,uk,William Hill,Arsenal,2.0
Arsenal,Manchester City,2025-09-21T15:30:00Z,uk,William Hill,Manchester City,3.5
Arsenal,Manchester City,2025-09-21T15:30:00Z,uk,William Hill,Draw,3.5
Arsenal,Manchester City,2025-09-21T15:30:00Z,uk,Smarkets,Arsenal,2.02
Arsenal,Manchester City,2025-09-21T15:30:00Z,uk,Smarkets,Manchester City,3.6
Arsenal,Manchester City,2025-09-21T15:30:00Z,uk,Smarkets,Draw,3.65
Arsenal,Manchester City,2025-09-21T15:30:00Z,uk,Smarkets,Arsenal,2.16
Arsenal,Manchester City,2025-09-21T15:30:00Z,uk,Smarkets,Manchester City,4.0
Arsenal,Manchester City,2025-09-21T15:30:00Z,uk,Smarkets,Draw,3.85
Arsenal,Manchester City,2025-09-21T15:30:00Z,uk,Bet Victor,Arsenal,1.93
Arsenal,Manchester City,2025-09-21T15:30:00Z,uk,Bet Victor,Manchester City,3.6
Arsenal,Manchester City,2025-09-21T15:30:00Z,uk,Bet Victor,Draw,3.6
Arsenal,Manchester City,2025-09-21T15:30:00Z,uk,Betway,Arsenal,1.95
Arsenal,Manchester City,2025-09-21T15:30:00Z,uk,Betway,Manchester City,3.5
Arsenal,Manchester City,2025-09-21T15:30:00Z,uk,Betway,Draw,3.5
Arsenal,Manchester City,2025-09-21T15:30:00Z,uk,BoyleSports,Arsenal,1.91
Arsenal,Manchester City,2025-09-21T15:30:00Z,uk,BoyleSports,Manchester City,3.6
Arsenal,Manchester City,2025-09-21T15:30:00Z,uk,BoyleSports,Draw,3.6
Arsenal,Manchester City,2025-09-21T15:30:00Z,uk,LeoVegas,Arsenal,2.12
Arsenal,Manchester City,2025-09-21T15:30:00Z,uk,LeoVegas,Manchester City,3.45
Arsenal,Manchester City,2025-09-21T15:30:00Z,uk,LeoVegas,Draw,3.65
Arsenal,Manchester City,2025-09-21T15:30:00Z,uk,Unibet,Arsenal,2.1
Arsenal,Manchester City,2025-09-21T15:30:00Z,uk,Unibet,Manchester City,3.45
Arsenal,Manchester City,2025-09-21T15:30:00Z,uk,Unibet,Draw,3.6
Arsenal,Manchester City,2025-09-21T15:30:00Z,uk,Virgin Bet,Arsenal,1.97
Arsenal,Manchester City,2025-09-21T15:30:00Z,uk,Virgin Bet,Manchester City,3.25
Arsenal,Manchester City,2025-09-21T15:30:00Z,uk,Virgin Bet,Draw,3.4
Arsenal,Manchester City,2025-09-21T15:30:00Z,uk,Casumo,Arsenal,2.08
Arsenal,Manchester City,2025-09-21T15:30:00Z,uk,Casumo,Manchester City,3.4
Arsenal,Manchester City,2025-09-21T15:30:00Z,uk,Casumo,Draw,3.6
Arsenal,Manchester City,2025-09-21T15:30:00Z,uk,Grosvenor,Arsenal,2.07
Arsenal,Manchester City,2025-09-21T15:30:00Z,uk,Grosvenor,Manchester City,3.4
Arsenal,Manchester City,2025-09-21T15:30:00Z,uk,Grosvenor,Draw,3.55
Arsenal,Manchester City,2025-09-21T15:30:00Z,uk,LiveScore Bet,Arsenal,1.97
Arsenal,Manchester City,2025-09-21T15:30:00Z,uk,LiveScore Bet,Manchester City,3.25
Arsenal,Manchester City,2025-09-21T15:30:00Z,uk,LiveScore Bet,Draw,3.4
Arsenal,Manchester City,2025-09-21T15:30:00Z,uk,Betfair,Arsenal,2.08
Arsenal,Manchester City,2025-09-21T15:30:00Z,uk,Betfair,Manchester City,3.65
Arsenal,Manchester City,2025-09-21T15:30:00Z,uk,Betfair,Draw,3.7
Arsenal,Manchester City,2025-09-21T15:30:00Z,uk,Betfair,Arsenal,2.16
Arsenal,Manchester City,2025-09-21T15:30:00Z,uk,Betfair,Manchester City,4.0
Arsenal,Manchester City,2025-09-21T15:30:00Z,uk,Betfair,Draw,3.85
Arsenal,Nottingham Forest,2025-09-13T11:30:00Z,au,SportsBet,Arsenal,1.36
Arsenal,Nottingham Forest,2025-09-13T11:30:00Z,au,SportsBet,Nottingham Forest,8.5
Arsenal,Nottingham Forest,2025-09-13T11:30:00Z,au,SportsBet,Draw,5.0
Arsenal,Nottingham Forest,2025-09-13T11:30:00Z,au,Betfair,Arsenal,1.4
Arsenal,Nottingham Forest,2025-09-13T11:30:00Z,au,Betfair,Nottingham Forest,9.4
Arsenal,Nottingham Forest,2025-09-13T11:30:00Z,au,Betfair,Draw,5.5
Arsenal,Nottingham Forest,2025-09-13T11:30:00Z,au,Betfair,Arsenal,1.41
Arsenal,Nottingham Forest,2025-09-13T11:30:00Z,au,Betfair,Nottingham Forest,9.6
Arsenal,Nottingham Forest,2025-09-13T11:30:00Z,au,Betfair,Draw,5.6
Arsenal,Nottingham Forest,2025-09-13T11:30:00Z,au,Unibet,Arsenal,1.34
Arsenal,Nottingham Forest,2025-09-13T11:30:00Z,au,Unibet,Nottingham Forest,8.5
Arsenal,Nottingham Forest,2025-09-13T11:30:00Z,au,Unibet,Draw,5.25
Arsenal,Nottingham Forest,2025-09-13T11:30:00Z,au,TABtouch,Arsenal,1.34
Arsenal,Nottingham Forest,2025-09-13T11:30:00Z,au,TABtouch,Nottingham Forest,8.5
Arsenal,Nottingham Forest,2025-09-13T11:30:00Z,au,TABtouch,Draw,5.25
Arsenal,Nottingham Forest,2025-09-13T11:30:00Z,au,PlayUp,Arsenal,1.35
Arsenal,Nottingham Forest,2025-09-13T11:30:00Z,au,PlayUp,Nottingham Forest,7.75
Arsenal,Nottingham Forest,2025-09-13T11:30:00Z,au,PlayUp,Draw,4.85
Arsenal,Nottingham Forest,2025-09-13T11:30:00Z,au,PointsBet (AU),Arsenal,1.36
Arsenal,Nottingham Forest,2025-09-13T11:30:00Z,au,PointsBet (AU),Nottingham Forest,8.0
Arsenal,Nottingham Forest,2025-09-13T11:30:00Z,au,PointsBet (AU),Draw,4.75
Arsenal,Nottingham Forest,2025-09-13T11:30:00Z,au,Neds,Arsenal,1.4
Arsenal,Nottingham Forest,2025-09-13T11:30:00Z,au,Neds,Nottingham Forest,7.25
Arsenal,Nottingham Forest,2025-09-13T11:30:00Z,au,Neds,Draw,4.75
Arsenal,Nottingham Forest,2025-09-13T11:30:00Z,au,Ladbrokes,Arsenal,1.4
Arsenal,Nottingham Forest,2025-09-13T11:30:00Z,au,Ladbrokes,Nottingham Forest,7.25
Arsenal,Nottingham Forest,2025-09-13T11:30:00Z,au,Ladbrokes,Draw,4.75
Arsenal,Nottingham Forest,2025-09-13T11:30:00Z,au,Betr,Arsenal,1.38
Arsenal,Nottingham Forest,2025-09-13T11:30:00Z,au,Betr,Nottingham Forest,8.25
Arsenal,Nottingham Forest,2025-09-13T11:30:00Z,au,Betr,Draw,4.6
Arsenal,Nottingham Forest,2025-09-13T11:30:00Z,au,BoomBet,Arsenal,1.37
Arsenal,Nottingham Forest,2025-09-13T11:30:00Z,au,BoomBet,Nottingham Forest,8.2
Arsenal,Nottingham Forest,2025-09-13T11:30:00Z,au,BoomBet,Draw,4.9
Arsenal,Nottingham Forest,2025-09-13T11:30:00Z,au,Bet Right,Arsenal,1.37
Arsenal,Nottingham Forest,2025-09-13T11:30:00Z,au,Bet Right,Nottingham Forest,8.5
Arsenal,Nottingham Forest,2025-09-13T11:30:00Z,au,Bet Right,Draw,4.75
Everton,Aston Villa,2025-09-13T14:00:00Z,au,SportsBet,Aston Villa,2.9
Everton,Aston Villa,2025-09-13T14:00:00Z,au,SportsBet,Everton,2.5
Everton,Aston Villa,2025-09-13T14:00:00Z,au,SportsBet,Draw,3.3
Everton,Aston Villa,2025-09-13T14:00:00Z,au,Betfair,Aston Villa,3.1
Everton,Aston Villa,2025-09-13T14:00:00Z,au,Betfair,Everton,2.58
Everton,Aston Villa,2025-09-13T14:00:00Z,au,Betfair,Draw,3.4
Everton,Aston Villa,2025-09-13T14:00:00Z,au,Betfair,Aston Villa,3.15
Everton,Aston Villa,2025-09-13T14:00:00Z,au,Betfair,Everton,2.6
Everton,Aston Villa,2025-09-13T14:00:00Z,au,Betfair,Draw,3.45
Everton,Aston Villa,2025-09-13T14:00:00Z,au,Unibet,Aston Villa,2.95
Everton,Aston Villa,2025-09-13T14:00:00Z,au,Unibet,Everton,2.4
Everton,Aston Villa,2025-09-13T14:00:00Z,au,Unibet,Draw,3.3
Everton,Aston Villa,2025-09-13T14:00:00Z,au,TABtouch,Aston Villa,2.95
Everton,Aston Villa,2025-09-13T14:00:00Z,au,TABtouch,Everton,2.4
Everton,Aston Villa,2025-09-13T14:00:00Z,au,TABtouch,Draw,3.3
Everton,Aston Villa,2025-09-13T14:00:00Z,au,PlayUp,Aston Villa,2.8
Everton,Aston Villa,2025-09-13T14:00:00Z,au,PlayUp,Everton,2.4
Everton,Aston Villa,2025-09-13T14:00:00Z,au,PlayUp,Draw,3.3
Everton,Aston Villa,2025-09-13T14:00:00Z,au,PointsBet (AU),Aston Villa,2.9
Everton,Aston Villa,2025-09-13T14:00:00Z,au,PointsBet (AU),Everton,2.45
Everton,Aston Villa,2025-09-13T14:00:00Z,au,PointsBet (AU),Draw,3.3
Everton,Aston Villa,2025-09-13T14:00:00Z,au,Neds,Aston Villa,2.85
Everton,Aston Villa,2025-09-13T14:00:00Z,au,Neds,Everton,2.45
Everton,Aston Villa,2025-09-13T14:00:00Z,au,Neds,Draw,3.25
Everton,Aston Villa,2025-09-13T14:00:00Z,au,Ladbrokes,Aston Villa,2.85
Everton,Aston Villa,2025-09-13T14:00:00Z,au,Ladbrokes,Everton,2.45
Everton,Aston Villa,2025-09-13T14:00:00Z,au,Ladbrokes,Draw,3.25
Everton,Aston Villa,2025-09-13T14:00:00Z,au,Betr,Aston Villa,2.85
Everton,Aston Villa,2025-09-13T14:00:00Z,au,Betr,Everton,2.5
Everton,Aston Villa,2025-09-13T14:00:00Z,au,Betr,Draw,3.15
Everton,Aston Villa,2025-09-13T14:00:00Z,au,BoomBet,Aston Villa,2.85
Everton,Aston Villa,2025-09-13T14:00:00Z,au,BoomBet,Everton,2.5
Everton,Aston Villa,2025-09-13T14:00:00Z,au,BoomBet,Draw,3.25
Everton,Aston Villa,2025-09-13T14:00:00Z,au,Bet Right,Aston Villa,2.9
Everton,Aston Villa,2025-09-13T14:00:00Z,au,Bet Right,Everton,2.5
Everton,Aston Villa,2025-09-13T14:00:00Z,au,Bet Right,Draw,3.2
Bournemouth,Brighton and Hove Albion,2025-09-13T14:00:00Z,au,SportsBet,Bournemouth,2.45
Bournemouth,Brighton and Hove Albion,2025-09-13T14:00:00Z,au,SportsBet,Brighton and Hove Albion,2.87
Bournemouth,Brighton and Hove Albion,2025-09-13T14:00:00Z,au,SportsBet,Draw,3.5
Bournemouth,Brighton and Hove Albion,2025-09-13T14:00:00Z,au,Betfair,Bournemouth,2.52
Bournemouth,Brighton and Hove Albion,2025-09-13T14:00:00Z,au,Betfair,Brighton and Hove Albion,2.96
Bournemouth,Brighton and Hove Albion,2025-09-13T14:00:00Z,au,Betfair,Draw,3.65
Bournemouth,Brighton and Hove Albion,2025-09-13T14:00:00Z,au,Betfair,Bournemouth,2.56
Bournemouth,Brighton and Hove Albion,2025-09-13T14:00:00Z,au,Betfair,Brighton and Hove Albion,3.0
Bournemouth,Brighton and Hove Albion,2025-09-13T14:00:00Z,au,Betfair,Draw,3.7
Bournemouth,Brighton and Hove Albion,2025-09-13T14:00:00Z,au,Unibet,Bournemouth,2.48
Bournemouth,Brighton and Hove Albion,2025-09-13T14:00:00Z,au,Unibet,Brighton and Hove Albion,2.7
Bournemouth,Brighton and Hove Albion,2025-09-13T14:00:00Z,au,Unibet,Draw,3.55
Bournemouth,Brighton and Hove Albion,2025-09-13T14:00:00Z,au,TABtouch,Bournemouth,2.48
Bournemouth,Brighton and Hove Albion,2025-09-13T14:00:00Z,au,TABtouch,Brighton and Hove Albion,2.7
Bournemouth,Brighton and Hove Albion,2025-09-13T14:00:00Z,au,TABtouch,Draw,3.55
Bournemouth,Brighton and Hove Albion,2025-09-13T14:00:00Z,au,PlayUp,Bournemouth,2.4
Bournemouth,Brighton and Hove Albion,2025-09-13T14:00:00Z,au,PlayUp,Brighton and Hove Albion,2.75
Bournemouth,Brighton and Hove Albion,2025-09-13T14:00:00Z,au,PlayUp,Draw,3.4
Bournemouth,Brighton and Hove Albion,2025-09-13T14:00:00Z,au,PointsBet (AU),Bournemouth,2.4
Bournemouth,Brighton and Hove Albion,2025-09-13T14:00:00Z,au,PointsBet (AU),Brighton and Hove Albion,2.85
Bournemouth,Brighton and Hove Albion,2025-09-13T14:00:00Z,au,PointsBet (AU),Draw,3.5
Bournemouth,Brighton and Hove Albion,2025-09-13T14:00:00Z,au,Neds,Bournemouth,2.4
Bournemouth,Brighton and Hove Albion,2025-09-13T14:00:00Z,au,Neds,Brighton and Hove Albion,2.75
Bournemouth,Brighton and Hove Albion,2025-09-13T14:00:00Z,au,Neds,Draw,3.5
Bournemouth,Brighton and Hove Albion,2025-09-13T14:00:00Z,au,Ladbrokes,Bournemouth,2.4
Bournemouth,Brighton and Hove Albion,2025-09-13T14:00:00Z,au,Ladbrokes,Brighton and Hove Albion,2.75
Bournemouth,Brighton and Hove Albion,2025-09-13T14:00:00Z,au,Ladbrokes,Draw,3.5
Bournemouth,Brighton and Hove Albion,2025-09-13T14:00:00Z,au,Betr,Bournemouth,2.45
Bournemouth,Brighton and Hove Albion,2025-09-13T14:00:00Z,au,Betr,Brighton and Hove Albion,2.75
Bournemouth,Brighton and Hove Albion,2025-09-13T14:00:00Z,au,Betr,Draw,3.4
Bournemouth,Brighton and Hove Albion,2025-09-13T14:00:00Z,au,BoomBet,Bournemouth,2.42
Bournemouth,Brighton and Hove Albion,2025-09-13T14:00:00Z,au,BoomBet,Brighton and Hove Albion,2.8
Bournemouth,Brighton and Hove Albion,2025-09-13T14:00:00Z,au,BoomBet,Draw,3.45
Bournemouth,Brighton and Hove Albion,2025-09-13T14:00:00Z,au,Bet Right,Bournemouth,2.4
Bournemouth,Brighton and Hove Albion,2025-09-13T14:00:00Z,au,Bet Right,Brighton and Hove Albion,2.8
Bournemouth,Brighton and Hove Albion,2025-09-13T14:00:00Z,au,Bet Right,Draw,3.45
Crystal Palace,Sunderland,2025-09-13T14:00:00Z,au,SportsBet,Crystal Palace,1.66
Crystal Palace,Sunderland,2025-09-13T14:00:00Z,au,SportsBet,Sunderland,5.5
Crystal Palace,Sunderland,2025-09-13T14:00:00Z,au,SportsBet,Draw,3.8
Crystal Palace,Sunderland,2025-09-13T14:00:00Z,au,Betfair,Crystal Palace,1.71
Crystal Palace,Sunderland,2025-09-13T14:00:00Z,au,Betfair,Sunderland,5.9
Crystal Palace,Sunderland,2025-09-13T14:00:00Z,au,Betfair,Draw,4.0
Crystal Palace,Sunderland,2025-09-13T14:00:00Z,au,Betfair,Crystal Palace,1.72
Crystal Palace,Sunderland,2025-09-13T14:00:00Z,au,Betfair,Sunderland,6.2
Crystal Palace,Sunderland,2025-09-13T14:00:00Z,au,Betfair,Draw,4.1
Crystal Palace,Sunderland,2025-09-13T14:00:00Z,au,Unibet,Crystal Palace,1.65
Crystal Palace,Sunderland,2025-09-13T14:00:00Z,au,Unibet,Sunderland,5.25
Crystal Palace,Sunderland,2025-09-13T14:00:00Z,au,Unibet,Draw,3.9
Crystal Palace,Sunderland,2025-09-13T14:00:00Z,au,TABtouch,Crystal Palace,1.65
Crystal Palace,Sunderland,2025-09-13T14:00:00Z,au,TABtouch,Sunderland,5.25
Crystal Palace,Sunderland,2025-09-13T14:00:00Z,au,TABtouch,Draw,3.9
Crystal Palace,Sunderland,2025-09-13T14:00:00Z,au,PlayUp,Crystal Palace,1.65
Crystal Palace,Sunderland,2025-09-13T14:00:00Z,au,PlayUp,Sunderland,5.0
Crystal Palace,Sunderland,2025-09-13T14:00:00Z,au,PlayUp,Draw,3.75
Crystal Palace,Sunderland,2025-09-13T14:00:00Z,au,PointsBet (AU),Crystal Palace,1.67
Crystal Palace,Sunderland,2025-09-13T14:00:00Z,au,PointsBet (AU),Sunderland,5.25
Crystal Palace,Sunderland,2025-09-13T14:00:00Z,au,PointsBet (AU),Draw,3.8
Crystal Palace,Sunderland,2025-09-13T14:00:00Z,au,Neds,Crystal Palace,1.62
Crystal Palace,Sunderland,2025-09-13T14:00:00Z,au,Neds,Sunderland,5.2
Crystal Palace,Sunderland,2025-09-13T14:00:00Z,au,Neds,Draw,3.9
Crystal Palace,Sunderland,2025-09-13T14:00:00Z,au,Ladbrokes,Crystal Palace,1.62
Crystal Palace,Sunderland,2025-09-13T14:00:00Z,au,Ladbrokes,Sunderland,5.2
Crystal Palace,Sunderland,2025-09-13T14:00:00Z,au,Ladbrokes,Draw,3.9
Crystal Palace,Sunderland,2025-09-13T14:00:00Z,au,Betr,Crystal Palace,1.62
Crystal Palace,Sunderland,2025-09-13T14:00:00Z,au,Betr,Sunderland,5.5
Crystal Palace,Sunderland,2025-09-13T14:00:00Z,au,Betr,Draw,3.7
Crystal Palace,Sunderland,2025-09-13T14:00:00Z,au,BoomBet,Crystal Palace,1.67
Crystal Palace,Sunderland,2025-09-13T14:00:00Z,au,BoomBet,Sunderland,5.2
Crystal Palace,Sunderland,2025-09-13T14:00:00Z,au,BoomBet,Draw,3.7
Crystal Palace,Sunderland,2025-09-13T14:00:00Z,au,Bet Right,Crystal Palace,1.64
Crystal Palace,Sunderland,2025-09-13T14:00:00Z,au,Bet Right,Sunderland,5.5
Crystal Palace,Sunderland,2025-09-13T14:00:00Z,au,Bet Right,Draw,3.75
Fulham,Leeds United,2025-09-13T14:00:00Z,au,SportsBet,Fulham,1.95
Fulham,Leeds United,2025-09-13T14:00:00Z,au,SportsBet,Leeds United,4.0
Fulham,Leeds United,2025-09-13T14:00:00Z,au,SportsBet,Draw,3.5
Fulham,Leeds United,2025-09-13T14:00:00Z,au,Betfair,Fulham,2.02
Fulham,Leeds United,2025-09-13T14:00:00Z,au,Betfair,Leeds United,4.1
Fulham,Leeds United,2025-09-13T14:00:00Z,au,Betfair,Draw,3.7
Fulham,Leeds United,2025-09-13T14:00:00Z,au,Betfair,Fulham,2.06
Fulham,Leeds United,2025-09-13T14:00:00Z,au,Betfair,Leeds United,4.3
Fulham,Leeds United,2025-09-13T14:00:00Z,au,Betfair,Draw,3.75
Fulham,Leeds United,2025-09-13T14:00:00Z,au,Unibet,Fulham,1.97
Fulham,Leeds United,2025-09-13T14:00:00Z,au,Unibet,Leeds United,3.8
Fulham,Leeds United,2025-09-13T14:00:00Z,au,Unibet,Draw,3.5
Fulham,Leeds United,2025-09-13T14:00:00Z,au,TABtouch,Fulham,1.96
Fulham,Leeds United,2025-09-13T14:00:00Z,au,TABtouch,Leeds United,3.8
Fulham,Leeds United,2025-09-13T14:00:00Z,au,TABtouch,Draw,3.5
Fulham,Leeds United,2025-09-13T14:00:00Z,au,PlayUp,Fulham,1.95
Fulham,Leeds United,2025-09-13T14:00:00Z,au,PlayUp,Leeds United,3.75
Fulham,Leeds United,2025-09-13T14:00:00Z,au,PlayUp,Draw,3.4
Fulham,Leeds United,2025-09-13T14:00:00Z,au,PointsBet (AU),Fulham,1.9
Fulham,Leeds United,2025-09-13T14:00:00Z,au,PointsBet (AU),Leeds United,4.0
Fulham,Leeds United,2025-09-13T14:00:00Z,au,PointsBet (AU),Draw,3.5
Fulham,Leeds United,2025-09-13T14:00:00Z,au,Neds,Fulham,1.9
Fulham,Leeds United,2025-09-13T14:00:00Z,au,Neds,Leeds United,3.8
Fulham,Leeds United,2025-09-13T14:00:00Z,au,Neds,Draw,3.5
Fulham,Leeds United,2025-09-13T14:00:00Z,au,Ladbrokes,Fulham,1.9
Fulham,Leeds United,2025-09-13T14:00:00Z,au,Ladbrokes,Leeds United,3.8
Fulham,Leeds United,2025-09-13T14:00:00Z,au,Ladbrokes,Draw,3.5
Fulham,Leeds United,2025-09-13T14:00:00Z,au,Betr,Fulham,1.95
Fulham,Leeds United,2025-09-13T14:00:00Z,au,Betr,Leeds United,3.9
Fulham,Leeds United,2025-09-13T14:00:00Z,au,Betr,Draw,3.4
Fulham,Leeds United,2025-09-13T14:00:00Z,au,BoomBet,Fulham,1.97
Fulham,Leeds United,2025-09-13T14:00:00Z,au,BoomBet,Leeds United,3.8
Fulham,Leeds United,2025-09-13T14:00:00Z,au,BoomBet,Draw,3.45
Fulham,Leeds United,2025-09-13T14:00:00Z,au,Bet Right,Fulham,1.95
Fulham,Leeds United,2025-09-13T14:00:00Z,au,Bet Right,Leeds United,3.95
Fulham,Leeds United,2025-09-13T14:00:00Z,au,Bet Right,Draw,3.4
Newcastle United,Wolverhampton Wanderers,2025-09-13T14:00:00Z,au,SportsBet,Newcastle United,1.44
Newcastle United,Wolverhampton Wanderers,2025-09-13T14:00:00Z,au,SportsBet,Wolverhampton Wanderers,7.5
Newcastle United,Wolverhampton Wanderers,2025-09-13T14:00:00Z,au,SportsBet,Draw,4.5
Newcastle United,Wolverhampton Wanderers,2025-09-13T14:00:00Z,au,Betfair,Newcastle United,1.46
Newcastle United,Wolverhampton Wanderers,2025-09-13T14:00:00Z,au,Betfair,Wolverhampton Wanderers,8.2
Newcastle United,Wolverhampton Wanderers,2025-09-13T14:00:00Z,au,Betfair,Draw,4.9
Newcastle United,Wolverhampton Wanderers,2025-09-13T14:00:00Z,au,Betfair,Newcastle United,1.48
Newcastle United,Wolverhampton Wanderers,2025-09-13T14:00:00Z,au,Betfair,Wolverhampton Wanderers,8.8
Newcastle United,Wolverhampton Wanderers,2025-09-13T14:00:00Z,au,Betfair,Draw,5.1
Newcastle United,Wolverhampton Wanderers,2025-09-13T14:00:00Z,au,Unibet,Newcastle United,1.42
Newcastle United,Wolverhampton Wanderers,2025-09-13T14:00:00Z,au,Unibet,Wolverhampton Wanderers,7.5
Newcastle United,Wolverhampton Wanderers,2025-09-13T14:00:00Z,au,Unibet,Draw,4.7
Newcastle United,Wolverhampton Wanderers,2025-09-13T14:00:00Z,au,TABtouch,Newcastle United,1.42
Newcastle United,Wolverhampton Wanderers,2025-09-13T14:00:00Z,au,TABtouch,Wolverhampton Wanderers,7.5
Newcastle United,Wolverhampton Wanderers,2025-09-13T14:00:00Z,au,TABtouch,Draw,4.7
Newcastle United,Wolverhampton Wanderers,2025-09-13T14:00:00Z,au,PlayUp,Newcastle United,1.42
Newcastle United,Wolverhampton Wanderers,2025-09-13T14:00:00Z,au,PlayUp,Wolverhampton Wanderers,7.0
Newcastle United,Wolverhampton Wanderers,2025-09-13T14:00:00Z,au,PlayUp,Draw,4.4
Newcastle United,Wolverhampton Wanderers,2025-09-13T14:00:00Z,au,PointsBet (AU),Newcastle United,1.42
Newcastle United,Wolverhampton Wanderers,2025-09-13T14:00:00Z,au,PointsBet (AU),Wolverhampton Wanderers,6.5
Newcastle United,Wolverhampton Wanderers,2025-09-13T14:00:00Z,au,PointsBet (AU),Draw,4.75
Newcastle United,Wolverhampton Wanderers,2025-09-13T14:00:00Z,au,Neds,Newcastle United,1.44
Newcastle United,Wolverhampton Wanderers,2025-09-13T14:00:00Z,au,Neds,Wolverhampton Wanderers,6.4
Newcastle United,Wolverhampton Wanderers,2025-09-13T14:00:00Z,au,Neds,Draw,4.6
Newcastle United,Wolverhampton Wanderers,2025-09-13T14:00:00Z,au,Ladbrokes,Newcastle United,1.44
Newcastle United,Wolverhampton Wanderers,2025-09-13T14:00:00Z,au,Ladbrokes,Wolverhampton Wanderers,6.4
Newcastle United,Wolverhampton Wanderers,2025-09-13T14:00:00Z,au,Ladbrokes,Draw,4.6
Newcastle United,Wolverhampton Wanderers,2025-09-13T14:00:00Z,au,Betr,Newcastle United,1.42
Newcastle United,Wolverhampton Wanderers,2025-09-13T14:00:00Z,au,Betr,Wolverhampton Wanderers,7.25
Newcastle United,Wolverhampton Wanderers,2025-09-13T14:00:00Z,au,Betr,Draw,4.4
Newcastle United,Wolverhampton Wanderers,2025-09-13T14:00:00Z,au,BoomBet,Newcastle United,1.43
Newcastle United,Wolverhampton Wanderers,2025-09-13T14:00:00Z,au,BoomBet,Wolverhampton Wanderers,7.4
Newcastle United,Wolverhampton Wanderers,2025-09-13T14:00:00Z,au,BoomBet,Draw,4.5
Newcastle United,Wolverhampton Wanderers,2025-09-13T14:00:00Z,au,Bet Right,Newcastle United,1.43
Newcastle United,Wolverhampton Wanderers,2025-09-13T14:00:00Z,au,Bet Right,Wolverhampton Wanderers,7.5
Newcastle United,Wolverhampton Wanderers,2025-09-13T14:00:00Z,au,Bet Right,Draw,4.4
West Ham United,Tottenham Hotspur,2025-09-13T16:30:00Z,au,SportsBet,Tottenham Hotspur,2.1
West Ham United,Tottenham Hotspur,2025-09-13T16:30:00Z,au,SportsBet,West Ham United,3.4
West Ham United,Tottenham Hotspur,2025-09-13T16:30:00Z,au,SportsBet,Draw,3.5
West Ham United,Tottenham Hotspur,2025-09-13T16:30:00Z,au,Betfair,Tottenham Hotspur,2.18
West Ham United,Tottenham Hotspur,2025-09-13T16:30:00Z,au,Betfair,West Ham United,3.5
West Ham United,Tottenham Hotspur,2025-09-13T16:30:00Z,au,Betfair,Draw,3.75
West Ham United,Tottenham Hotspur,2025-09-13T16:30:00Z,au,Betfair,Tottenham Hotspur,2.22
West Ham United,Tottenham Hotspur,2025-09-13T16:30:00Z,au,Betfair,West Ham United,3.6
West Ham United,Tottenham Hotspur,2025-09-13T16:30:00Z,au,Betfair,Draw,3.8
West Ham United,Tottenham Hotspur,2025-09-13T16:30:00Z,au,Unibet,Tottenham Hotspur,2.08
West Ham United,Tottenham Hotspur,2025-09-13T16:30:00Z,au,Unibet,West Ham United,3.4
West Ham United,Tottenham Hotspur,2025-09-13T16:30:00Z,au,Unibet,Draw,3.55
West Ham United,Tottenham Hotspur,2025-09-13T16:30:00Z,au,TABtouch,Tottenham Hotspur,2.08
West Ham United,Tottenham Hotspur,2025-09-13T16:30:00Z,au,TABtouch,West Ham United,3.4
West Ham United,Tottenham Hotspur,2025-09-13T16:30:00Z,au,TABtouch,Draw,3.55
West Ham United,Tottenham Hotspur,2025-09-13T16:30:00Z,au,PlayUp,Tottenham Hotspur,2.05
West Ham United,Tottenham Hotspur,2025-09-13T16:30:00Z,au,PlayUp,West Ham United,3.25
West Ham United,Tottenham Hotspur,2025-09-13T16:30:00Z,au,PlayUp,Draw,3.55
West Ham United,Tottenham Hotspur,2025-09-13T16:30:00Z,au,PointsBet (AU),Tottenham Hotspur,2.1
West Ham United,Tottenham Hotspur,2025-09-13T16:30:00Z,au,PointsBet (AU),West Ham United,3.3
West Ham United,Tottenham Hotspur,2025-09-13T16:30:00Z,au,PointsBet (AU),Draw,3.5
West Ham United,Tottenham Hotspur,2025-09-13T16:30:00Z,au,Neds,Tottenham Hotspur,2.1
West Ham United,Tottenham Hotspur,2025-09-13T16:30:00Z,au,Neds,West Ham United,3.3
West Ham United,Tottenham Hotspur,2025-09-13T16:30:00Z,au,Neds,Draw,3.5
West Ham United,Tottenham Hotspur,2025-09-13T16:30:00Z,au,Ladbrokes,Tottenham Hotspur,2.1
West Ham United,Tottenham Hotspur,2025-09-13T16:30:00Z,au,Ladbrokes,West Ham United,3.3
West Ham United,Tottenham Hotspur,2025-09-13T16:30:00Z,au,Ladbrokes,Draw,3.5
West Ham United,Tottenham Hotspur,2025-09-13T16:30:00Z,au,Betr,Tottenham Hotspur,2.05
West Ham United,Tottenham Hotspur,2025-09-13T16:30:00Z,au,Betr,West Ham United,3.4
West Ham United,Tottenham Hotspur,2025-09-13T16:30:00Z,au,Betr,Draw,3.5
West Ham United,Tottenham Hotspur,2025-09-13T16:30:00Z,au,BoomBet,Tottenham Hotspur,2.1
West Ham United,Tottenham Hotspur,2025-09-13T16:30:00Z,au,BoomBet,West Ham United,3.35
West Ham United,Tottenham Hotspur,2025-09-13T16:30:00Z,au,BoomBet,Draw,3.5
West Ham United,Tottenham Hotspur,2025-09-13T16:30:00Z,au,Bet Right,Tottenham Hotspur,2.1
West Ham United,Tottenham Hotspur,2025-09-13T16:30:00Z,au,Bet Right,West Ham United,3.4
West Ham United,Tottenham Hotspur,2025-09-13T16:30:00Z,au,Bet Right,Draw,3.5
Brentford,Chelsea,2025-09-13T19:00:00Z,au,SportsBet,Brentford,4.75
Brentford,Chelsea,2025-09-13T19:00:00Z,au,SportsBet,Chelsea,1.75
Brentford,Chelsea,2025-09-13T19:00:00Z,au,SportsBet,Draw,3.9
Brentford,Chelsea,2025-09-13T19:00:00Z,au,Betfair,Brentford,4.9
Brentford,Chelsea,2025-09-13T19:00:00Z,au,Betfair,Chelsea,1.8
Brentford,Chelsea,2025-09-13T19:00:00Z,au,Betfair,Draw,4.0
Brentford,Chelsea,2025-09-13T19:00:00Z,au,Betfair,Brentford,5.0
Brentford,Chelsea,2025-09-13T19:00:00Z,au,Betfair,Chelsea,1.82
Brentford,Chelsea,2025-09-13T19:00:00Z,au,Betfair,Draw,4.1
Brentford,Chelsea,2025-09-13T19:00:00Z,au,Unibet,Brentford,4.6
Brentford,Chelsea,2025-09-13T19:00:00Z,au,Unibet,Chelsea,1.72
Brentford,Chelsea,2025-09-13T19:00:00Z,au,Unibet,Draw,4.0
Brentford,Chelsea,2025-09-13T19:00:00Z,au,TABtouch,Brentford,4.6
Brentford,Chelsea,2025-09-13T19:00:00Z,au,TABtouch,Chelsea,1.72
Brentford,Chelsea,2025-09-13T19:00:00Z,au,TABtouch,Draw,4.0
Brentford,Chelsea,2025-09-13T19:00:00Z,au,PlayUp,Brentford,4.4
Brentford,Chelsea,2025-09-13T19:00:00Z,au,PlayUp,Chelsea,1.72
Brentford,Chelsea,2025-09-13T19:00:00Z,au,PlayUp,Draw,3.75
Brentford,Chelsea,2025-09-13T19:00:00Z,au,PointsBet (AU),Brentford,4.5
Brentford,Chelsea,2025-09-13T19:00:00Z,au,PointsBet (AU),Chelsea,1.77
Brentford,Chelsea,2025-09-13T19:00:00Z,au,PointsBet (AU),Draw,3.8
Brentford,Chelsea,2025-09-13T19:00:00Z,au,Neds,Brentford,4.4
Brentford,Chelsea,2025-09-13T19:00:00Z,au,Neds,Chelsea,1.75
Brentford,Chelsea,2025-09-13T19:00:00Z,au,Neds,Draw,3.75
Brentford,Chelsea,2025-09-13T19:00:00Z,au,Ladbrokes,Brentford,4.4
Brentford,Chelsea,2025-09-13T19:00:00Z,au,Ladbrokes,Chelsea,1.75
Brentford,Chelsea,2025-09-13T19:00:00Z,au,Ladbrokes,Draw,3.75
Brentford,Chelsea,2025-09-13T19:00:00Z,au,Betr,Brentford,4.5
Brentford,Chelsea,2025-09-13T19:00:00Z,au,Betr,Chelsea,1.72
Brentford,Chelsea,2025-09-13T19:00:00Z,au,Betr,Draw,3.75
Brentford,Chelsea,2025-09-13T19:00:00Z,au,BoomBet,Brentford,4.6
Brentford,Chelsea,2025-09-13T19:00:00Z,au,BoomBet,Chelsea,1.73
Brentford,Chelsea,2025-09-13T19:00:00Z,au,BoomBet,Draw,3.8
Brentford,Chelsea,2025-09-13T19:00:00Z,au,Bet Right,Brentford,4.6
Brentford,Chelsea,2025-09-13T19:00:00Z,au,Bet Right,Chelsea,1.73
Brentford,Chelsea,2025-09-13T19:00:00Z,au,Bet Right,Draw,3.8
Burnley,Liverpool,2025-09-14T13:00:00Z,au,SportsBet,Burnley,9.5
Burnley,Liverpool,2025-09-14T13:00:00Z,au,SportsBet,Liverpool,1.33
Burnley,Liverpool,2025-09-14T13:00:00Z,au,SportsBet,Draw,5.5
Burnley,Liverpool,2025-09-14T13:00:00Z,au,Betfair,Burnley,10.0
Burnley,Liverpool,2025-09-14T13:00:00Z,au,Betfair,Liverpool,1.36
Burnley,Liverpool,2025-09-14T13:00:00Z,au,Betfair,Draw,5.9
Burnley,Liverpool,2025-09-14T13:00:00Z,au,Betfair,Burnley,10.5
Burnley,Liverpool,2025-09-14T13:00:00Z,au,Betfair,Liverpool,1.37
Burnley,Liverpool,2025-09-14T13:00:00Z,au,Betfair,Draw,6.0
Burnley,Liverpool,2025-09-14T13:00:00Z,au,Unibet,Burnley,9.5
Burnley,Liverpool,2025-09-14T13:00:00Z,au,Unibet,Liverpool,1.32
Burnley,Liverpool,2025-09-14T13:00:00Z,au,Unibet,Draw,5.2
Burnley,Liverpool,2025-09-14T13:00:00Z,au,TABtouch,Burnley,9.5
Burnley,Liverpool,2025-09-14T13:00:00Z,au,TABtouch,Liverpool,1.32
Burnley,Liverpool,2025-09-14T13:00:00Z,au,TABtouch,Draw,5.2
Burnley,Liverpool,2025-09-14T13:00:00Z,au,PlayUp,Burnley,9.5
Burnley,Liverpool,2025-09-14T13:00:00Z,au,PlayUp,Liverpool,1.28
Burnley,Liverpool,2025-09-14T13:00:00Z,au,PlayUp,Draw,5.25
Burnley,Liverpool,2025-09-14T13:00:00Z,au,Neds,Burnley,8.5
Burnley,Liverpool,2025-09-14T13:00:00Z,au,Neds,Liverpool,1.3
Burnley,Liverpool,2025-09-14T13:00:00Z,au,Neds,Draw,5.5
Burnley,Liverpool,2025-09-14T13:00:00Z,au,Ladbrokes,Burnley,8.5
Burnley,Liverpool,2025-09-14T13:00:00Z,au,Ladbrokes,Liverpool,1.3
Burnley,Liverpool,2025-09-14T13:00:00Z,au,Ladbrokes,Draw,5.5
Burnley,Liverpool,2025-09-14T13:00:00Z,au,PointsBet (AU),Burnley,8.5
Burnley,Liverpool,2025-09-14T13:00:00Z,au,PointsBet (AU),Liverpool,1.29
Burnley,Liverpool,2025-09-14T13:00:00Z,au,PointsBet (AU),Draw,5.75
Burnley,Liverpool,2025-09-14T13:00:00Z,au,Betr,Burnley,9.5
Burnley,Liverpool,2025-09-14T13:00:00Z,au,Betr,Liverpool,1.3
Burnley,Liverpool,2025-09-14T13:00:00Z,au,Betr,Draw,5.25
Burnley,Liverpool,2025-09-14T13:00:00Z,au,BoomBet,Burnley,9.2
Burnley,Liverpool,2025-09-14T13:00:00Z,au,BoomBet,Liverpool,1.31
Burnley,Liverpool,2025-09-14T13:00:00Z,au,BoomBet,Draw,5.5
Burnley,Liverpool,2025-09-14T13:00:00Z,au,Bet Right,Burnley,9.5
Burnley,Liverpool,2025-09-14T13:00:00Z,au,Bet Right,Liverpool,1.3
Burnley,Liverpool,2025-09-14T13:00:00Z,au,Bet Right,Draw,5.5
Manchester City,Manchester United,2025-09-14T15:30:00Z,au,SportsBet,Manchester City,1.72
Manchester City,Manchester United,2025-09-14T15:30:00Z,au,SportsBet,Manchester United,4.6
Manchester City,Manchester United,2025-09-14T15:30:00Z,au,SportsBet,Draw,4.1
Manchester City,Manchester United,2025-09-14T15:30:00Z,au,Unibet,Manchester City,1.68
Manchester City,Manchester United,2025-09-14T15:30:00Z,au,Unibet,Manchester United,4.7
Manchester City,Manchester United,2025-09-14T15:30:00Z,au,Unibet,Draw,4.0
Manchester City,Manchester United,2025-09-14T15:30:00Z,au,TABtouch,Manchester City,1.68
Manchester City,Manchester United,2025-09-14T15:30:00Z,au,TABtouch,Manchester United,4.7
Manchester City,Manchester United,2025-09-14T15:30:00Z,au,TABtouch,Draw,4.0
Manchester City,Manchester United,2025-09-14T15:30:00Z,au,Betfair,Manchester City,1.77
Manchester City,Manchester United,2025-09-14T15:30:00Z,au,Betfair,Manchester United,4.8
Manchester City,Manchester United,2025-09-14T15:30:00Z,au,Betfair,Draw,4.3
Manchester City,Manchester United,2025-09-14T15:30:00Z,au,Betfair,Manchester City,1.79
Manchester City,Manchester United,2025-09-14T15:30:00Z,au,Betfair,Manchester United,4.9
Manchester City,Manchester United,2025-09-14T15:30:00Z,au,Betfair,Draw,4.4
Manchester City,Manchester United,2025-09-14T15:30:00Z,au,PlayUp,Manchester City,1.68
Manchester City,Manchester United,2025-09-14T15:30:00Z,au,PlayUp,Manchester United,4.35
Manchester City,Manchester United,2025-09-14T15:30:00Z,au,PlayUp,Draw,4.0
Manchester City,Manchester United,2025-09-14T15:30:00Z,au,Neds,Manchester City,1.67
Manchester City,Manchester United,2025-09-14T15:30:00Z,au,Neds,Manchester United,4.6
Manchester City,Manchester United,2025-09-14T15:30:00Z,au,Neds,Draw,4.0
Manchester City,Manchester United,2025-09-14T15:30:00Z,au,Ladbrokes,Manchester City,1.67
Manchester City,Manchester United,2025-09-14T15:30:00Z,au,Ladbrokes,Manchester United,4.6
Manchester City,Manchester United,2025-09-14T15:30:00Z,au,Ladbrokes,Draw,4.0
Manchester City,Manchester United,2025-09-14T15:30:00Z,au,PointsBet (AU),Manchester City,1.67
Manchester City,Manchester United,2025-09-14T15:30:00Z,au,PointsBet (AU),Manchester United,4.75
Manchester City,Manchester United,2025-09-14T15:30:00Z,au,PointsBet (AU),Draw,4.1
Manchester City,Manchester United,2025-09-14T15:30:00Z,au,Betr,Manchester City,1.68
Manchester City,Manchester United,2025-09-14T15:30:00Z,au,Betr,Manchester United,4.5
Manchester City,Manchester United,2025-09-14T15:30:00Z,au,Betr,Draw,4.0
Manchester City,Manchester United,2025-09-14T15:30:00Z,au,BoomBet,Manchester City,1.7
Manchester City,Manchester United,2025-09-14T15:30:00Z,au,BoomBet,Manchester United,4.6
Manchester City,Manchester United,2025-09-14T15:30:00Z,au,BoomBet,Draw,4.0
Manchester City,Manchester United,2025-09-14T15:30:00Z,au,Bet Right,Manchester City,1.7
Manchester City,Manchester United,2025-09-14T15:30:00Z,au,Bet Right,Manchester United,4.5
Manchester City,Manchester United,2025-09-14T15:30:00Z,au,Bet Right,Draw,4.0
Liverpool,Everton,2025-09-20T11:30:00Z,au,SportsBet,Everton,7.5
Liverpool,Everton,2025-09-20T11:30:00Z,au,SportsBet,Liverpool,1.4
Liverpool,Everton,2025-09-20T11:30:00Z,au,SportsBet,Draw,5.0
Liverpool,Everton,2025-09-20T11:30:00Z,au,Unibet,Everton,7.0
Liverpool,Everton,2025-09-20T11:30:00Z,au,Unibet,Liverpool,1.43
Liverpool,Everton,2025-09-20T11:30:00Z,au,Unibet,Draw,4.8
Liverpool,Everton,2025-09-20T11:30:00Z,au,TABtouch,Everton,7.0
Liverpool,Everton,2025-09-20T11:30:00Z,au,TABtouch,Liverpool,1.43
Liverpool,Everton,2025-09-20T11:30:00Z,au,TABtouch,Draw,4.8
Liverpool,Everton,2025-09-20T11:30:00Z,au,Betfair,Everton,7.2
Liverpool,Everton,2025-09-20T11:30:00Z,au,Betfair,Liverpool,1.44
Liverpool,Everton,2025-09-20T11:30:00Z,au,Betfair,Draw,4.8
Liverpool,Everton,2025-09-20T11:30:00Z,au,Betfair,Everton,9.4
Liverpool,Everton,2025-09-20T11:30:00Z,au,Betfair,Liverpool,1.46
Liverpool,Everton,2025-09-20T11:30:00Z,au,Betfair,Draw,5.5
Liverpool,Everton,2025-09-20T11:30:00Z,au,PlayUp,Everton,6.75
Liverpool,Everton,2025-09-20T11:30:00Z,au,PlayUp,Liverpool,1.38
Liverpool,Everton,2025-09-20T11:30:00Z,au,PlayUp,Draw,4.6
Liverpool,Everton,2025-09-20T11:30:00Z,au,PointsBet (AU),Everton,7.0
Liverpool,Everton,2025-09-20T11:30:00Z,au,PointsBet (AU),Liverpool,1.4
Liverpool,Everton,2025-09-20T11:30:00Z,au,PointsBet (AU),Draw,5.0
Liverpool,Everton,2025-09-20T11:30:00Z,au,Bet Right,Everton,7.0
Liverpool,Everton,2025-09-20T11:30:00Z,au,Bet Right,Liverpool,1.41
Liverpool,Everton,2025-09-20T11:30:00Z,au,Bet Right,Draw,4.75
Brighton and Hove Albion,Tottenham Hotspur,2025-09-20T14:00:00Z,au,SportsBet,Brighton and Hove Albion,2.05
Brighton and Hove Albion,Tottenham Hotspur,2025-09-20T14:00:00Z,au,SportsBet,Tottenham Hotspur,3.3
Brighton and Hove Albion,Tottenham Hotspur,2025-09-20T14:00:00Z,au,SportsBet,Draw,3.8
Brighton and Hove Albion,Tottenham Hotspur,2025-09-20T14:00:00Z,au,Unibet,Brighton and Hove Albion,2.06
Brighton and Hove Albion,Tottenham Hotspur,2025-09-20T14:00:00Z,au,Unibet,Tottenham Hotspur,3.25
Brighton and Hove Albion,Tottenham Hotspur,2025-09-20T14:00:00Z,au,Unibet,Draw,3.85
Brighton and Hove Albion,Tottenham Hotspur,2025-09-20T14:00:00Z,au,TABtouch,Brighton and Hove Albion,2.06
Brighton and Hove Albion,Tottenham Hotspur,2025-09-20T14:00:00Z,au,TABtouch,Tottenham Hotspur,3.25
Brighton and Hove Albion,Tottenham Hotspur,2025-09-20T14:00:00Z,au,TABtouch,Draw,3.85
Brighton and Hove Albion,Tottenham Hotspur,2025-09-20T14:00:00Z,au,Betfair,Brighton and Hove Albion,2.18
Brighton and Hove Albion,Tottenham Hotspur,2025-09-20T14:00:00Z,au,Betfair,Tottenham Hotspur,3.2
Brighton and Hove Albion,Tottenham Hotspur,2025-09-20T14:00:00Z,au,Betfair,Draw,3.2
Brighton and Hove Albion,Tottenham Hotspur,2025-09-20T14:00:00Z,au,Betfair,Brighton and Hove Albion,2.46
Brighton and Hove Albion,Tottenham Hotspur,2025-09-20T14:00:00Z,au,Betfair,Tottenham Hotspur,3.5
Brighton and Hove Albion,Tottenham Hotspur,2025-09-20T14:00:00Z,au,Betfair,Draw,3.95
Brighton and Hove Albion,Tottenham Hotspur,2025-09-20T14:00:00Z,au,PlayUp,Brighton and Hove Albion,2.02
Brighton and Hove Albion,Tottenham Hotspur,2025-09-20T14:00:00Z,au,PlayUp,Tottenham Hotspur,3.15
Brighton and Hove Albion,Tottenham Hotspur,2025-09-20T14:00:00Z,au,PlayUp,Draw,3.6
Brighton and Hove Albion,Tottenham Hotspur,2025-09-20T14:00:00Z,au,PointsBet (AU),Brighton and Hove Albion,2.0
Brighton and Hove Albion,Tottenham Hotspur,2025-09-20T14:00:00Z,au,PointsBet (AU),Tottenham Hotspur,3.4
Brighton and Hove Albion,Tottenham Hotspur,2025-09-20T14:00:00Z,au,PointsBet (AU),Draw,3.6
Brighton and Hove Albion,Tottenham Hotspur,2025-09-20T14:00:00Z,au,Bet Right,Brighton and Hove Albion,2.05
Brighton and Hove Albion,Tottenham Hotspur,2025-09-20T14:00:00Z,au,Bet Right,Tottenham Hotspur,3.3
Brighton and Hove Albion,Tottenham Hotspur,2025-09-20T14:00:00Z,au,Bet Right,Draw,3.65
Burnley,Nottingham Forest,2025-09-20T14:00:00Z,au,SportsBet,Burnley,3.6
Burnley,Nottingham Forest,2025-09-20T14:00:00Z,au,SportsBet,Nottingham Forest,2.1
Burnley,Nottingham Forest,2025-09-20T14:00:00Z,au,SportsBet,Draw,3.4
Burnley,Nottingham Forest,2025-09-20T14:00:00Z,au,Unibet,Burnley,3.65
Burnley,Nottingham Forest,2025-09-20T14:00:00Z,au,Unibet,Nottingham Forest,2.02
Burnley,Nottingham Forest,2025-09-20T14:00:00Z,au,Unibet,Draw,3.55
Burnley,Nottingham Forest,2025-09-20T14:00:00Z,au,TABtouch,Burnley,3.65
Burnley,Nottingham Forest,2025-09-20T14:00:00Z,au,TABtouch,Nottingham Forest,2.02
Burnley,Nottingham Forest,2025-09-20T14:00:00Z,au,TABtouch,Draw,3.55
Burnley,Nottingham Forest,2025-09-20T14:00:00Z,au,Betfair,Burnley,3.55
Burnley,Nottingham Forest,2025-09-20T14:00:00Z,au,Betfair,Nottingham Forest,2.12
Burnley,Nottingham Forest,2025-09-20T14:00:00Z,au,Betfair,Draw,3.4
Burnley,Nottingham Forest,2025-09-20T14:00:00Z,au,Betfair,Burnley,4.1
Burnley,Nottingham Forest,2025-09-20T14:00:00Z,au,Betfair,Nottingham Forest,2.36
Burnley,Nottingham Forest,2025-09-20T14:00:00Z,au,Betfair,Draw,3.95
Burnley,Nottingham Forest,2025-09-20T14:00:00Z,au,PlayUp,Burnley,3.2
Burnley,Nottingham Forest,2025-09-20T14:00:00Z,au,PlayUp,Nottingham Forest,2.08
Burnley,Nottingham Forest,2025-09-20T14:00:00Z,au,PlayUp,Draw,3.35
Burnley,Nottingham Forest,2025-09-20T14:00:00Z,au,PointsBet (AU),Burnley,3.4
Burnley,Nottingham Forest,2025-09-20T14:00:00Z,au,PointsBet (AU),Nottingham Forest,2.05
Burnley,Nottingham Forest,2025-09-20T14:00:00Z,au,PointsBet (AU),Draw,3.5
Burnley,Nottingham Forest,2025-09-20T14:00:00Z,au,Bet Right,Burnley,3.5
Burnley,Nottingham Forest,2025-09-20T14:00:00Z,au,Bet Right,Nottingham Forest,2.1
Burnley,Nottingham Forest,2025-09-20T14:00:00Z,au,Bet Right,Draw,3.4
West Ham United,Crystal Palace,2025-09-20T14:00:00Z,au,SportsBet,Crystal Palace,2.5
West Ham United,Crystal Palace,2025-09-20T14:00:00Z,au,SportsBet,West Ham United,2.9
West Ham United,Crystal Palace,2025-09-20T14:00:00Z,au,SportsBet,Draw,3.3
West Ham United,Crystal Palace,2025-09-20T14:00:00Z,au,Unibet,Crystal Palace,2.48
West Ham United,Crystal Palace,2025-09-20T14:00:00Z,au,Unibet,West Ham United,2.8
West Ham United,Crystal Palace,2025-09-20T14:00:00Z,au,Unibet,Draw,3.45
West Ham United,Crystal Palace,2025-09-20T14:00:00Z,au,TABtouch,Crystal Palace,2.48
West Ham United,Crystal Palace,2025-09-20T14:00:00Z,au,TABtouch,West Ham United,2.8
West Ham United,Crystal Palace,2025-09-20T14:00:00Z,au,TABtouch,Draw,3.45
West Ham United,Crystal Palace,2025-09-20T14:00:00Z,au,Betfair,Crystal Palace,2.48
West Ham United,Crystal Palace,2025-09-20T14:00:00Z,au,Betfair,West Ham United,3.0
West Ham United,Crystal Palace,2025-09-20T14:00:00Z,au,Betfair,Draw,3.3
West Ham United,Crystal Palace,2025-09-20T14:00:00Z,au,Betfair,Crystal Palace,2.66
West Ham United,Crystal Palace,2025-09-20T14:00:00Z,au,Betfair,West Ham United,3.4
West Ham United,Crystal Palace,2025-09-20T14:00:00Z,au,Betfair,Draw,3.55
West Ham United,Crystal Palace,2025-09-20T14:00:00Z,au,PlayUp,Crystal Palace,2.35
West Ham United,Crystal Palace,2025-09-20T14:00:00Z,au,PlayUp,West Ham United,2.75
West Ham United,Crystal Palace,2025-09-20T14:00:00Z,au,PlayUp,Draw,3.3
West Ham United,Crystal Palace,2025-09-20T14:00:00Z,au,PointsBet (AU),Crystal Palace,2.45
West Ham United,Crystal Palace,2025-09-20T14:00:00Z,au,PointsBet (AU),West Ham United,2.85
West Ham United,Crystal Palace,2025-09-20T14:00:00Z,au,PointsBet (AU),Draw,3.4
West Ham United,Crystal Palace,2025-09-20T14:00:00Z,au,Bet Right,Crystal Palace,2.45
West Ham United,Crystal Palace,2025-09-20T14:00:00Z,au,Bet Right,West Ham United,2.85
West Ham United,Crystal Palace,2025-09-20T14:00:00Z,au,Bet Right,Draw,3.3
Wolverhampton Wanderers,Leeds United,2025-09-20T14:00:00Z,au,SportsBet,Leeds United,3.0
Wolverhampton Wanderers,Leeds United,2025-09-20T14:00:00Z,au,SportsBet,Wolverhampton Wanderers,2.45
Wolverhampton Wanderers,Leeds United,2025-09-20T14:00:00Z,au,SportsBet,Draw,3.25
Wolverhampton Wanderers,Leeds United,2025-09-20T14:00:00Z,au,Unibet,Leeds United,2.95
Wolverhampton Wanderers,Leeds United,2025-09-20T14:00:00Z,au,Unibet,Wolverhampton Wanderers,2.4
Wolverhampton Wanderers,Leeds United,2025-09-20T14:00:00Z,au,Unibet,Draw,3.4
Wolverhampton Wanderers,Leeds United,2025-09-20T14:00:00Z,au,TABtouch,Leeds United,2.95
Wolverhampton Wanderers,Leeds United,2025-09-20T14:00:00Z,au,TABtouch,Wolverhampton Wanderers,2.4
Wolverhampton Wanderers,Leeds United,2025-09-20T14:00:00Z,au,TABtouch,Draw,3.4
Wolverhampton Wanderers,Leeds United,2025-09-20T14:00:00Z,au,Betfair,Leeds United,3.0
Wolverhampton Wanderers,Leeds United,2025-09-20T14:00:00Z,au,Betfair,Wolverhampton Wanderers,2.5
Wolverhampton Wanderers,Leeds United,2025-09-20T14:00:00Z,au,Betfair,Draw,3.1
Wolverhampton Wanderers,Leeds United,2025-09-20T14:00:00Z,au,Betfair,Leeds United,3.35
Wolverhampton Wanderers,Leeds United,2025-09-20T14:00:00Z,au,Betfair,Wolverhampton Wanderers,2.62
Wolverhampton Wanderers,Leeds United,2025-09-20T14:00:00Z,au,Betfair,Draw,3.45
Wolverhampton Wanderers,Leeds United,2025-09-20T14:00:00Z,au,PlayUp,Leeds United,2.8
Wolverhampton Wanderers,Leeds United,2025-09-20T14:00:00Z,au,PlayUp,Wolverhampton Wanderers,2.4
Wolverhampton Wanderers,Leeds United,2025-09-20T14:00:00Z,au,PlayUp,Draw,3.2
Wolverhampton Wanderers,Leeds United,2025-09-20T14:00:00Z,au,PointsBet (AU),Leeds United,2.9
Wolverhampton Wanderers,Leeds United,2025-09-20T14:00:00Z,au,PointsBet (AU),Wolverhampton Wanderers,2.45
Wolverhampton Wanderers,Leeds United,2025-09-20T14:00:00Z,au,PointsBet (AU),Draw,3.3
Wolverhampton Wanderers,Leeds United,2025-09-20T14:00:00Z,au,Bet Right,Leeds United,2.95
Wolverhampton Wanderers,Leeds United,2025-09-20T14:00:00Z,au,Bet Right,Wolverhampton Wanderers,2.45
Wolverhampton Wanderers,Leeds United,2025-09-20T14:00:00Z,au,Bet Right,Draw,3.2
Manchester United,Chelsea,2025-09-20T16:30:00Z,au,SportsBet,Chelsea,2.62
Manchester United,Chelsea,2025-09-20T16:30:00Z,au,SportsBet,Manchester United,2.7
Manchester United,Chelsea,2025-09-20T16:30:00Z,au,SportsBet,Draw,3.5
Manchester United,Chelsea,2025-09-20T16:30:00Z,au,Unibet,Chelsea,2.4
Manchester United,Chelsea,2025-09-20T16:30:00Z,au,Unibet,Manchester United,2.65
Manchester United,Chelsea,2025-09-20T16:30:00Z,au,Unibet,Draw,3.75
Manchester United,Chelsea,2025-09-20T16:30:00Z,au,TABtouch,Chelsea,2.4
Manchester United,Chelsea,2025-09-20T16:30:00Z,au,TABtouch,Manchester United,2.65
Manchester United,Chelsea,2025-09-20T16:30:00Z,au,TABtouch,Draw,3.75
Manchester United,Chelsea,2025-09-20T16:30:00Z,au,Betfair,Chelsea,2.58
Manchester United,Chelsea,2025-09-20T16:30:00Z,au,Betfair,Manchester United,2.6
Manchester United,Chelsea,2025-09-20T16:30:00Z,au,Betfair,Draw,3.5
Manchester United,Chelsea,2025-09-20T16:30:00Z,au,Betfair,Chelsea,2.98
Manchester United,Chelsea,2025-09-20T16:30:00Z,au,Betfair,Manchester United,2.86
Manchester United,Chelsea,2025-09-20T16:30:00Z,au,Betfair,Draw,3.8
Manchester United,Chelsea,2025-09-20T16:30:00Z,au,PlayUp,Chelsea,2.35
Manchester United,Chelsea,2025-09-20T16:30:00Z,au,PlayUp,Manchester United,2.65
Manchester United,Chelsea,2025-09-20T16:30:00Z,au,PlayUp,Draw,3.5
Manchester United,Chelsea,2025-09-20T16:30:00Z,au,PointsBet (AU),Chelsea,2.35
Manchester United,Chelsea,2025-09-20T16:30:00Z,au,PointsBet (AU),Manchester United,2.85
Manchester United,Chelsea,2025-09-20T16:30:00Z,au,PointsBet (AU),Draw,3.5
Manchester United,Chelsea,2025-09-20T16:30:00Z,au,Bet Right,Chelsea,2.45
Manchester United,Chelsea,2025-09-20T16:30:00Z,au,Bet Right,Manchester United,2.75
Manchester United,Chelsea,2025-09-20T16:30:00Z,au,Bet Right,Draw,3.5
Fulham,Brentford,2025-09-20T19:00:00Z,au,SportsBet,Brentford,3.75
Fulham,Brentford,2025-09-20T19:00:00Z,au,SportsBet,Fulham,2.0
Fulham,Brentford,2025-09-20T19:00:00Z,au,SportsBet,Draw,3.6
Fulham,Brentford,2025-09-20T19:00:00Z,au,Unibet,Brentford,3.35
Fulham,Brentford,2025-09-20T19:00:00Z,au,Unibet,Fulham,2.05
Fulham,Brentford,2025-09-20T19:00:00Z,au,Unibet,Draw,3.75
Fulham,Brentford,2025-09-20T19:00:00Z,au,TABtouch,Brentford,3.35
Fulham,Brentford,2025-09-20T19:00:00Z,au,TABtouch,Fulham,2.05
Fulham,Brentford,2025-09-20T19:00:00Z,au,TABtouch,Draw,3.75
Fulham,Brentford,2025-09-20T19:00:00Z,au,Betfair,Brentford,3.45
Fulham,Brentford,2025-09-20T19:00:00Z,au,Betfair,Fulham,2.04
Fulham,Brentford,2025-09-20T19:00:00Z,au,Betfair,Draw,3.45
Fulham,Brentford,2025-09-20T19:00:00Z,au,Betfair,Brentford,4.1
Fulham,Brentford,2025-09-20T19:00:00Z,au,Betfair,Fulham,2.22
Fulham,Brentford,2025-09-20T19:00:00Z,au,Betfair,Draw,3.8
Fulham,Brentford,2025-09-20T19:00:00Z,au,PlayUp,Brentford,3.35
Fulham,Brentford,2025-09-20T19:00:00Z,au,PlayUp,Fulham,2.02
Fulham,Brentford,2025-09-20T19:00:00Z,au,PlayUp,Draw,3.4
Fulham,Brentford,2025-09-20T19:00:00Z,au,PointsBet (AU),Brentford,3.4
Fulham,Brentford,2025-09-20T19:00:00Z,au,PointsBet (AU),Fulham,2.0
Fulham,Brentford,2025-09-20T19:00:00Z,au,PointsBet (AU),Draw,3.6
Fulham,Brentford,2025-09-20T19:00:00Z,au,Bet Right,Brentford,3.4
Fulham,Brentford,2025-09-20T19:00:00Z,au,Bet Right,Fulham,2.1
Fulham,Brentford,2025-09-20T19:00:00Z,au,Bet Right,Draw,3.5
Sunderland,Aston Villa,2025-09-21T13:00:00Z,au,SportsBet,Aston Villa,1.9
Sunderland,Aston Villa,2025-09-21T13:00:00Z,au,SportsBet,Sunderland,4.2
Sunderland,Aston Villa,2025-09-21T13:00:00Z,au,SportsBet,Draw,3.6
Sunderland,Aston Villa,2025-09-21T13:00:00Z,au,Unibet,Aston Villa,1.9
Sunderland,Aston Villa,2025-09-21T13:00:00Z,au,Unibet,Sunderland,3.95
Sunderland,Aston Villa,2025-09-21T13:00:00Z,au,Unibet,Draw,3.6
Sunderland,Aston Villa,2025-09-21T13:00:00Z,au,TABtouch,Aston Villa,1.89
Sunderland,Aston Villa,2025-09-21T13:00:00Z,au,TABtouch,Sunderland,3.95
Sunderland,Aston Villa,2025-09-21T13:00:00Z,au,TABtouch,Draw,3.6
Sunderland,Aston Villa,2025-09-21T13:00:00Z,au,Betfair,Aston Villa,1.93
Sunderland,Aston Villa,2025-09-21T13:00:00Z,au,Betfair,Sunderland,3.55
Sunderland,Aston Villa,2025-09-21T13:00:00Z,au,Betfair,Draw,3.45
Sunderland,Aston Villa,2025-09-21T13:00:00Z,au,Betfair,Aston Villa,2.14
Sunderland,Aston Villa,2025-09-21T13:00:00Z,au,Betfair,Sunderland,5.1
Sunderland,Aston Villa,2025-09-21T13:00:00Z,au,Betfair,Draw,3.8
Sunderland,Aston Villa,2025-09-21T13:00:00Z,au,PlayUp,Aston Villa,1.9
Sunderland,Aston Villa,2025-09-21T13:00:00Z,au,PlayUp,Sunderland,3.7
Sunderland,Aston Villa,2025-09-21T13:00:00Z,au,PlayUp,Draw,3.4
Sunderland,Aston Villa,2025-09-21T13:00:00Z,au,PointsBet (AU),Aston Villa,1.9
Sunderland,Aston Villa,2025-09-21T13:00:00Z,au,PointsBet (AU),Sunderland,3.8
Sunderland,Aston Villa,2025-09-21T13:00:00Z,au,PointsBet (AU),Draw,3.6
Bournemouth,Newcastle United,2025-09-21T13:00:00Z,au,SportsBet,Bournemouth,2.62
Bournemouth,Newcastle United,2025-09-21T13:00:00Z,au,SportsBet,Newcastle United,2.62
Bournemouth,Newcastle United,2025-09-21T13:00:00Z,au,SportsBet,Draw,3.5
Bournemouth,Newcastle United,2025-09-21T13:00:00Z,au,Betfair,Bournemouth,2.58
Bournemouth,Newcastle United,2025-09-21T13:00:00Z,au,Betfair,Newcastle United,2.78
Bournemouth,Newcastle United,2025-09-21T13:00:00Z,au,Betfair,Draw,3.4
Bournemouth,Newcastle United,2025-09-21T13:00:00Z,au,Betfair,Bournemouth,2.7
Bournemouth,Newcastle United,2025-09-21T13:00:00Z,au,Betfair,Newcastle United,3.05
Bournemouth,Newcastle United,2025-09-21T13:00:00Z,au,Betfair,Draw,3.7
Bournemouth,Newcastle United,2025-09-21T13:00:00Z,au,TABtouch,Bournemouth,2.6
Bournemouth,Newcastle United,2025-09-21T13:00:00Z,au,TABtouch,Newcastle United,2.55
Bournemouth,Newcastle United,2025-09-21T13:00:00Z,au,TABtouch,Draw,3.6
Bournemouth,Newcastle United,2025-09-21T13:00:00Z,au,Unibet,Bournemouth,2.6
Bournemouth,Newcastle United,2025-09-21T13:00:00Z,au,Unibet,Newcastle United,2.55
Bournemouth,Newcastle United,2025-09-21T13:00:00Z,au,Unibet,Draw,3.6
Bournemouth,Newcastle United,2025-09-21T13:00:00Z,au,PointsBet (AU),Bournemouth,2.6
Bournemouth,Newcastle United,2025-09-21T13:00:00Z,au,PointsBet (AU),Newcastle United,2.5
Bournemouth,Newcastle United,2025-09-21T13:00:00Z,au,PointsBet (AU),Draw,3.5
Bournemouth,Newcastle United,2025-09-21T13:00:00Z,au,PlayUp,Bournemouth,2.45
Bournemouth,Newcastle United,2025-09-21T13:00:00Z,au,PlayUp,Newcastle United,2.6
Bournemouth,Newcastle United,2025-09-21T13:00:00Z,au,PlayUp,Draw,3.4
Arsenal,Manchester City,2025-09-21T15:30:00Z,au,SportsBet,Arsenal,2.0
Arsenal,Manchester City,2025-09-21T15:30:00Z,au,SportsBet,Manchester City,3.75
Arsenal,Manchester City,2025-09-21T15:30:00Z,au,SportsBet,Draw,3.6
Arsenal,Manchester City,2025-09-21T15:30:00Z,au,Unibet,Arsenal,2.08
Arsenal,Manchester City,2025-09-21T15:30:00Z,au,Unibet,Manchester City,3.4
Arsenal,Manchester City,2025-09-21T15:30:00Z,au,Unibet,Draw,3.6
Arsenal,Manchester City,2025-09-21T15:30:00Z,au,TABtouch,Arsenal,2.08
Arsenal,Manchester City,2025-09-21T15:30:00Z,au,TABtouch,Manchester City,3.4
Arsenal,Manchester City,2025-09-21T15:30:00Z,au,TABtouch,Draw,3.6
Arsenal,Manchester City,2025-09-21T15:30:00Z,au,Betfair,Arsenal,2.08
Arsenal,Manchester City,2025-09-21T15:30:00Z,au,Betfair,Manchester City,3.55
Arsenal,Manchester City,2025-09-21T15:30:00Z,au,Betfair,Draw,3.45
Arsenal,Manchester City,2025-09-21T15:30:00Z,au,Betfair,Arsenal,2.18
Arsenal,Manchester City,2025-09-21T15:30:00Z,au,Betfair,Manchester City,4.0
Arsenal,Manchester City,2025-09-21T15:30:00Z,au,Betfair,Draw,3.85
Arsenal,Manchester City,2025-09-21T15:30:00Z,au,PlayUp,Arsenal,1.92
Arsenal,Manchester City,2025-09-21T15:30:00Z,au,PlayUp,Manchester City,3.5
Arsenal,Manchester City,2025-09-21T15:30:00Z,au,PlayUp,Draw,3.55
Arsenal,Manchester City,2025-09-21T15:30:00Z,au,PointsBet (AU),Arsenal,2.05
Arsenal,Manchester City,2025-09-21T15:30:00Z,au,PointsBet (AU),Manchester City,3.4
Arsenal,Manchester City,2025-09-21T15:30:00Z,au,PointsBet (AU),Draw,3.5
Arsenal,Nottingham Forest,2025-09-13T11:30:00Z,eu,Parions Sport (FR),Arsenal,1.32
Arsenal,Nottingham Forest,2025-09-13T11:30:00Z,eu,Parions Sport (FR),Nottingham Forest,8.1
Arsenal,Nottingham Forest,2025-09-13T11:30:00Z,eu,Parions Sport (FR),Draw,5.0
Arsenal,Nottingham Forest,2025-09-13T11:30:00Z,eu,Unibet (FR),Arsenal,1.35
Arsenal,Nottingham Forest,2025-09-13T11:30:00Z,eu,Unibet (FR),Nottingham Forest,7.9
Arsenal,Nottingham Forest,2025-09-13T11:30:00Z,eu,Unibet (FR),Draw,4.9
Arsenal,Nottingham Forest,2025-09-13T11:30:00Z,eu,1xBet,Arsenal,1.39
Arsenal,Nottingham Forest,2025-09-13T11:30:00Z,eu,1xBet,Nottingham Forest,8.7
Arsenal,Nottingham Forest,2025-09-13T11:30:00Z,eu,1xBet,Draw,5.22
Arsenal,Nottingham Forest,2025-09-13T11:30:00Z,eu,Marathon Bet,Arsenal,1.37
Arsenal,Nottingham Forest,2025-09-13T11:30:00Z,eu,Marathon Bet,Nottingham Forest,8.6
Arsenal,Nottingham Forest,2025-09-13T11:30:00Z,eu,Marathon Bet,Draw,5.15
Arsenal,Nottingham Forest,2025-09-13T11:30:00Z,eu,MyBookie.ag,Arsenal,1.36
Arsenal,Nottingham Forest,2025-09-13T11:30:00Z,eu,MyBookie.ag,Nottingham Forest,7.8
Arsenal,Nottingham Forest,2025-09-13T11:30:00Z,eu,MyBookie.ag,Draw,4.8
Arsenal,Nottingham Forest,2025-09-13T11:30:00Z,eu,Winamax (FR),Arsenal,1.34
Arsenal,Nottingham Forest,2025-09-13T11:30:00Z,eu,Winamax (FR),Nottingham Forest,7.75
Arsenal,Nottingham Forest,2025-09-13T11:30:00Z,eu,Winamax (FR),Draw,5.0
Arsenal,Nottingham Forest,2025-09-13T11:30:00Z,eu,Winamax (DE),Arsenal,1.35
Arsenal,Nottingham Forest,2025-09-13T11:30:00Z,eu,Winamax (DE),Nottingham Forest,8.0
Arsenal,Nottingham Forest,2025-09-13T11:30:00Z,eu,Winamax (DE),Draw,5.0
Arsenal,Nottingham Forest,2025-09-13T11:30:00Z,eu,888sport,Arsenal,1.36
Arsenal,Nottingham Forest,2025-09-13T11:30:00Z,eu,888sport,Nottingham Forest,8.0
Arsenal,Nottingham Forest,2025-09-13T11:30:00Z,eu,888sport,Draw,4.8
Arsenal,Nottingham Forest,2025-09-13T11:30:00Z,eu,William Hill,Arsenal,1.36
Arsenal,Nottingham Forest,2025-09-13T11:30:00Z,eu,William Hill,Nottingham Forest,8.0
Arsenal,Nottingham Forest,2025-09-13T11:30:00Z,eu,William Hill,Draw,4.8
Arsenal,Nottingham Forest,2025-09-13T11:30:00Z,eu,Tipico,Arsenal,1.35
Arsenal,Nottingham Forest,2025-09-13T11:30:00Z,eu,Tipico,Nottingham Forest,7.8
Arsenal,Nottingham Forest,2025-09-13T11:30:00Z,eu,Tipico,Draw,5.2
Arsenal,Nottingham Forest,2025-09-13T11:30:00Z,eu,Betsson,Arsenal,1.37
Arsenal,Nottingham Forest,2025-09-13T11:30:00Z,eu,Betsson,Nottingham Forest,8.6
Arsenal,Nottingham Forest,2025-09-13T11:30:00Z,eu,Betsson,Draw,5.1
Arsenal,Nottingham Forest,2025-09-13T11:30:00Z,eu,Nordic Bet,Arsenal,1.37
Arsenal,Nottingham Forest,2025-09-13T11:30:00Z,eu,Nordic Bet,Nottingham Forest,8.6
Arsenal,Nottingham Forest,2025-09-13T11:30:00Z,eu,Nordic Bet,Draw,5.1
Arsenal,Nottingham Forest,2025-09-13T11:30:00Z,eu,Pinnacle,Arsenal,1.38
Arsenal,Nottingham Forest,2025-09-13T11:30:00Z,eu,Pinnacle,Nottingham Forest,8.12
Arsenal,Nottingham Forest,2025-09-13T11:30:00Z,eu,Pinnacle,Draw,5.2
Arsenal,Nottingham Forest,2025-09-13T11:30:00Z,eu,Betfair,Arsenal,1.4
Arsenal,Nottingham Forest,2025-09-13T11:30:00Z,eu,Betfair,Nottingham Forest,9.4
Arsenal,Nottingham Forest,2025-09-13T11:30:00Z,eu,Betfair,Draw,5.5
Arsenal,Nottingham Forest,2025-09-13T11:30:00Z,eu,Betfair,Arsenal,1.41
Arsenal,Nottingham Forest,2025-09-13T11:30:00Z,eu,Betfair,Nottingham Forest,9.6
Arsenal,Nottingham Forest,2025-09-13T11:30:00Z,eu,Betfair,Draw,5.6
Arsenal,Nottingham Forest,2025-09-13T11:30:00Z,eu,Unibet (NL),Arsenal,1.36
Arsenal,Nottingham Forest,2025-09-13T11:30:00Z,eu,Unibet (NL),Nottingham Forest,9.0
Arsenal,Nottingham Forest,2025-09-13T11:30:00Z,eu,Unibet (NL),Draw,5.5
Arsenal,Nottingham Forest,2025-09-13T11:30:00Z,eu,Unibet (IT),Arsenal,1.34
Arsenal,Nottingham Forest,2025-09-13T11:30:00Z,eu,Unibet (IT),Nottingham Forest,8.5
Arsenal,Nottingham Forest,2025-09-13T11:30:00Z,eu,Unibet (IT),Draw,5.25
Arsenal,Nottingham Forest,2025-09-13T11:30:00Z,eu,Betclic (FR),Arsenal,1.36
Arsenal,Nottingham Forest,2025-09-13T11:30:00Z,eu,Betclic (FR),Nottingham Forest,7.85
Arsenal,Nottingham Forest,2025-09-13T11:30:00Z,eu,Betclic (FR),Draw,4.88
Arsenal,Nottingham Forest,2025-09-13T11:30:00Z,eu,Coolbet,Arsenal,1.39
Arsenal,Nottingham Forest,2025-09-13T11:30:00Z,eu,Coolbet,Nottingham Forest,9.15
Arsenal,Nottingham Forest,2025-09-13T11:30:00Z,eu,Coolbet,Draw,5.2
Arsenal,Nottingham Forest,2025-09-13T11:30:00Z,eu,BetOnline.ag,Arsenal,1.38
Arsenal,Nottingham Forest,2025-09-13T11:30:00Z,eu,BetOnline.ag,Nottingham Forest,8.4
Arsenal,Nottingham Forest,2025-09-13T11:30:00Z,eu,BetOnline.ag,Draw,5.25
Arsenal,Nottingham Forest,2025-09-13T11:30:00Z,eu,Everygame,Arsenal,1.36
Arsenal,Nottingham Forest,2025-09-13T11:30:00Z,eu,Everygame,Nottingham Forest,7.5
Arsenal,Nottingham Forest,2025-09-13T11:30:00Z,eu,Everygame,Draw,4.75
Arsenal,Nottingham Forest,2025-09-13T11:30:00Z,eu,Matchbook,Arsenal,1.4
Arsenal,Nottingham Forest,2025-09-13T11:30:00Z,eu,Matchbook,Nottingham Forest,9.4
Arsenal,Nottingham Forest,2025-09-13T11:30:00Z,eu,Matchbook,Draw,5.5
Arsenal,Nottingham Forest,2025-09-13T11:30:00Z,eu,Matchbook,Arsenal,1.41
Arsenal,Nottingham Forest,2025-09-13T11:30:00Z,eu,Matchbook,Nottingham Forest,9.8
Arsenal,Nottingham Forest,2025-09-13T11:30:00Z,eu,Matchbook,Draw,5.6
Arsenal,Nottingham Forest,2025-09-13T11:30:00Z,eu,GTbets,Arsenal,1.4
Arsenal,Nottingham Forest,2025-09-13T11:30:00Z,eu,GTbets,Nottingham Forest,8.01
Arsenal,Nottingham Forest,2025-09-13T11:30:00Z,eu,GTbets,Draw,4.88
Everton,Aston Villa,2025-09-13T14:00:00Z,eu,Marathon Bet,Aston Villa,2.92
Everton,Aston Villa,2025-09-13T14:00:00Z,eu,Marathon Bet,Everton,2.51
Everton,Aston Villa,2025-09-13T14:00:00Z,eu,Marathon Bet,Draw,3.34
Everton,Aston Villa,2025-09-13T14:00:00Z,eu,MyBookie.ag,Aston Villa,2.85
Everton,Aston Villa,2025-09-13T14:00:00Z,eu,MyBookie.ag,Everton,2.43
Everton,Aston Villa,2025-09-13T14:00:00Z,eu,MyBookie.ag,Draw,3.24
Everton,Aston Villa,2025-09-13T14:00:00Z,eu,Parions Sport (FR),Aston Villa,2.85
Everton,Aston Villa,2025-09-13T14:00:00Z,eu,Parions Sport (FR),Everton,2.35
Everton,Aston Villa,2025-09-13T14:00:00Z,eu,Parions Sport (FR),Draw,3.25
Everton,Aston Villa,2025-09-13T14:00:00Z,eu,1xBet,Aston Villa,2.96
Everton,Aston Villa,2025-09-13T14:00:00Z,eu,1xBet,Everton,2.55
Everton,Aston Villa,2025-09-13T14:00:00Z,eu,1xBet,Draw,3.38
Everton,Aston Villa,2025-09-13T14:00:00Z,eu,Winamax (FR),Aston Villa,2.8
Everton,Aston Villa,2025-09-13T14:00:00Z,eu,Winamax (FR),Everton,2.4
Everton,Aston Villa,2025-09-13T14:00:00Z,eu,Winamax (FR),Draw,3.3
Everton,Aston Villa,2025-09-13T14:00:00Z,eu,Winamax (DE),Aston Villa,2.85
Everton,Aston Villa,2025-09-13T14:00:00Z,eu,Winamax (DE),Everton,2.45
Everton,Aston Villa,2025-09-13T14:00:00Z,eu,Winamax (DE),Draw,3.3
Everton,Aston Villa,2025-09-13T14:00:00Z,eu,888sport,Aston Villa,2.9
Everton,Aston Villa,2025-09-13T14:00:00Z,eu,888sport,Everton,2.45
Everton,Aston Villa,2025-09-13T14:00:00Z,eu,888sport,Draw,3.2
Everton,Aston Villa,2025-09-13T14:00:00Z,eu,William Hill,Aston Villa,2.9
Everton,Aston Villa,2025-09-13T14:00:00Z,eu,William Hill,Everton,2.45
Everton,Aston Villa,2025-09-13T14:00:00Z,eu,William Hill,Draw,3.2
Everton,Aston Villa,2025-09-13T14:00:00Z,eu,Tipico,Aston Villa,2.95
Everton,Aston Villa,2025-09-13T14:00:00Z,eu,Tipico,Everton,2.45
Everton,Aston Villa,2025-09-13T14:00:00Z,eu,Tipico,Draw,3.2
Everton,Aston Villa,2025-09-13T14:00:00Z,eu,Betsson,Aston Villa,2.9
Everton,Aston Villa,2025-09-13T14:00:00Z,eu,Betsson,Everton,2.5
Everton,Aston Villa,2025-09-13T14:00:00Z,eu,Betsson,Draw,3.35
Everton,Aston Villa,2025-09-13T14:00:00Z,eu,Nordic Bet,Aston Villa,2.9
Everton,Aston Villa,2025-09-13T14:00:00Z,eu,Nordic Bet,Everton,2.5
Everton,Aston Villa,2025-09-13T14:00:00Z,eu,Nordic Bet,Draw,3.35
Everton,Aston Villa,2025-09-13T14:00:00Z,eu,Unibet (FR),Aston Villa,2.88
Everton,Aston Villa,2025-09-13T14:00:00Z,eu,Unibet (FR),Everton,2.4
Everton,Aston Villa,2025-09-13T14:00:00Z,eu,Unibet (FR),Draw,3.28
Everton,Aston Villa,2025-09-13T14:00:00Z,eu,Pinnacle,Aston Villa,2.92
Everton,Aston Villa,2025-09-13T14:00:00Z,eu,Pinnacle,Everton,2.53
Everton,Aston Villa,2025-09-13T14:00:00Z,eu,Pinnacle,Draw,3.38
Everton,Aston Villa,2025-09-13T14:00:00Z,eu,Betfair,Aston Villa,3.1
Everton,Aston Villa,2025-09-13T14:00:00Z,eu,Betfair,Everton,2.58
Everton,Aston Villa,2025-09-13T14:00:00Z,eu,Betfair,Draw,3.4
Everton,Aston Villa,2025-09-13T14:00:00Z,eu,Betfair,Aston Villa,3.15
Everton,Aston Villa,2025-09-13T14:00:00Z,eu,Betfair,Everton,2.6
Everton,Aston Villa,2025-09-13T14:00:00Z,eu,Betfair,Draw,3.45
Everton,Aston Villa,2025-09-13T14:00:00Z,eu,Unibet (NL),Aston Villa,3.05
Everton,Aston Villa,2025-09-13T14:00:00Z,eu,Unibet (NL),Everton,2.45
Everton,Aston Villa,2025-09-13T14:00:00Z,eu,Unibet (NL),Draw,3.4
Everton,Aston Villa,2025-09-13T14:00:00Z,eu,Unibet (IT),Aston Villa,2.95
Everton,Aston Villa,2025-09-13T14:00:00Z,eu,Unibet (IT),Everton,2.4
Everton,Aston Villa,2025-09-13T14:00:00Z,eu,Unibet (IT),Draw,3.3
Everton,Aston Villa,2025-09-13T14:00:00Z,eu,Coolbet,Aston Villa,3.04
Everton,Aston Villa,2025-09-13T14:00:00Z,eu,Coolbet,Everton,2.53
Everton,Aston Villa,2025-09-13T14:00:00Z,eu,Coolbet,Draw,3.38
Everton,Aston Villa,2025-09-13T14:00:00Z,eu,Betclic (FR),Aston Villa,2.86
Everton,Aston Villa,2025-09-13T14:00:00Z,eu,Betclic (FR),Everton,2.41
Everton,Aston Villa,2025-09-13T14:00:00Z,eu,Betclic (FR),Draw,3.27
Everton,Aston Villa,2025-09-13T14:00:00Z,eu,BetOnline.ag,Aston Villa,2.93
Everton,Aston Villa,2025-09-13T14:00:00Z,eu,BetOnline.ag,Everton,2.5
Everton,Aston Villa,2025-09-13T14:00:00Z,eu,BetOnline.ag,Draw,3.4
Everton,Aston Villa,2025-09-13T14:00:00Z,eu,Everygame,Aston Villa,2.8
Everton,Aston Villa,2025-09-13T14:00:00Z,eu,Everygame,Everton,2.45
Everton,Aston Villa,2025-09-13T14:00:00Z,eu,Everygame,Draw,3.3
Everton,Aston Villa,2025-09-13T14:00:00Z,eu,Matchbook,Aston Villa,3.1
Everton,Aston Villa,2025-09-13T14:00:00Z,eu,Matchbook,Everton,2.58
Everton,Aston Villa,2025-09-13T14:00:00Z,eu,Matchbook,Draw,3.4
Everton,Aston Villa,2025-09-13T14:00:00Z,eu,Matchbook,Aston Villa,3.15
Everton,Aston Villa,2025-09-13T14:00:00Z,eu,Matchbook,Everton,2.62
Everton,Aston Villa,2025-09-13T14:00:00Z,eu,Matchbook,Draw,3.45
Everton,Aston Villa,2025-09-13T14:00:00Z,eu,GTbets,Aston Villa,2.94
Everton,Aston Villa,2025-09-13T14:00:00Z,eu,GTbets,Everton,2.46
Everton,Aston Villa,2025-09-13T14:00:00Z,eu,GTbets,Draw,3.3
Bournemouth,Brighton and Hove Albion,2025-09-13T14:00:00Z,eu,Marathon Bet,Bournemouth,2.47
Bournemouth,Brighton and Hove Albion,2025-09-13T14:00:00Z,eu,Marathon Bet,Brighton and Hove Albion,2.8
Bournemouth,Brighton and Hove Albion,2025-09-13T14:00:00Z,eu,Marathon Bet,Draw,3.6
Bournemouth,Brighton and Hove Albion,2025-09-13T14:00:00Z,eu,MyBookie.ag,Bournemouth,2.4
Bournemouth,Brighton and Hove Albion,2025-09-13T14:00:00Z,eu,MyBookie.ag,Brighton and Hove Albion,2.75
Bournemouth,Brighton and Hove Albion,2025-09-13T14:00:00Z,eu,MyBookie.ag,Draw,3.46
Bournemouth,Brighton and Hove Albion,2025-09-13T14:00:00Z,eu,Parions Sport (FR),Bournemouth,2.3
Bournemouth,Brighton and Hove Albion,2025-09-13T14:00:00Z,eu,Parions Sport (FR),Brighton and Hove Albion,2.8
Bournemouth,Brighton and Hove Albion,2025-09-13T14:00:00Z,eu,Parions Sport (FR),Draw,3.45
Bournemouth,Brighton and Hove Albion,2025-09-13T14:00:00Z,eu,Unibet (FR),Bournemouth,2.37
Bournemouth,Brighton and Hove Albion,2025-09-13T14:00:00Z,eu,Unibet (FR),Brighton and Hove Albion,2.78
Bournemouth,Brighton and Hove Albion,2025-09-13T14:00:00Z,eu,Unibet (FR),Draw,3.48
Bournemouth,Brighton and Hove Albion,2025-09-13T14:00:00Z,eu,1xBet,Bournemouth,2.5
Bournemouth,Brighton and Hove Albion,2025-09-13T14:00:00Z,eu,1xBet,Brighton and Hove Albion,2.84
Bournemouth,Brighton and Hove Albion,2025-09-13T14:00:00Z,eu,1xBet,Draw,3.65
Bournemouth,Brighton and Hove Albion,2025-09-13T14:00:00Z,eu,Winamax (FR),Bournemouth,2.35
Bournemouth,Brighton and Hove Albion,2025-09-13T14:00:00Z,eu,Winamax (FR),Brighton and Hove Albion,2.75
Bournemouth,Brighton and Hove Albion,2025-09-13T14:00:00Z,eu,Winamax (FR),Draw,3.5
Bournemouth,Brighton and Hove Albion,2025-09-13T14:00:00Z,eu,Winamax (DE),Bournemouth,2.4
Bournemouth,Brighton and Hove Albion,2025-09-13T14:00:00Z,eu,Winamax (DE),Brighton and Hove Albion,2.75
Bournemouth,Brighton and Hove Albion,2025-09-13T14:00:00Z,eu,Winamax (DE),Draw,3.55
Bournemouth,Brighton and Hove Albion,2025-09-13T14:00:00Z,eu,888sport,Bournemouth,2.4
Bournemouth,Brighton and Hove Albion,2025-09-13T14:00:00Z,eu,888sport,Brighton and Hove Albion,2.8
Bournemouth,Brighton and Hove Albion,2025-09-13T14:00:00Z,eu,888sport,Draw,3.4
Bournemouth,Brighton and Hove Albion,2025-09-13T14:00:00Z,eu,William Hill,Bournemouth,2.4
Bournemouth,Brighton and Hove Albion,2025-09-13T14:00:00Z,eu,William Hill,Brighton and Hove Albion,2.8
Bournemouth,Brighton and Hove Albion,2025-09-13T14:00:00Z,eu,William Hill,Draw,3.4
Bournemouth,Brighton and Hove Albion,2025-09-13T14:00:00Z,eu,Tipico,Bournemouth,2.4
Bournemouth,Brighton and Hove Albion,2025-09-13T14:00:00Z,eu,Tipico,Brighton and Hove Albion,2.8
Bournemouth,Brighton and Hove Albion,2025-09-13T14:00:00Z,eu,Tipico,Draw,3.5
Bournemouth,Brighton and Hove Albion,2025-09-13T14:00:00Z,eu,Betsson,Bournemouth,2.45
Bournemouth,Brighton and Hove Albion,2025-09-13T14:00:00Z,eu,Betsson,Brighton and Hove Albion,2.85
Bournemouth,Brighton and Hove Albion,2025-09-13T14:00:00Z,eu,Betsson,Draw,3.55
Bournemouth,Brighton and Hove Albion,2025-09-13T14:00:00Z,eu,Nordic Bet,Bournemouth,2.45
Bournemouth,Brighton and Hove Albion,2025-09-13T14:00:00Z,eu,Nordic Bet,Brighton and Hove Albion,2.85
Bournemouth,Brighton and Hove Albion,2025-09-13T14:00:00Z,eu,Nordic Bet,Draw,3.55
Bournemouth,Brighton and Hove Albion,2025-09-13T14:00:00Z,eu,Pinnacle,Bournemouth,2.48
Bournemouth,Brighton and Hove Albion,2025-09-13T14:00:00Z,eu,Pinnacle,Brighton and Hove Albion,2.86
Bournemouth,Brighton and Hove Albion,2025-09-13T14:00:00Z,eu,Pinnacle,Draw,3.57
Bournemouth,Brighton and Hove Albion,2025-09-13T14:00:00Z,eu,Betfair,Bournemouth,2.52
Bournemouth,Brighton and Hove Albion,2025-09-13T14:00:00Z,eu,Betfair,Brighton and Hove Albion,2.96
Bournemouth,Brighton and Hove Albion,2025-09-13T14:00:00Z,eu,Betfair,Draw,3.65
Bournemouth,Brighton and Hove Albion,2025-09-13T14:00:00Z,eu,Betfair,Bournemouth,2.56
Bournemouth,Brighton and Hove Albion,2025-09-13T14:00:00Z,eu,Betfair,Brighton and Hove Albion,3.0
Bournemouth,Brighton and Hove Albion,2025-09-13T14:00:00Z,eu,Betfair,Draw,3.7
Bournemouth,Brighton and Hove Albion,2025-09-13T14:00:00Z,eu,Unibet (NL),Bournemouth,2.55
Bournemouth,Brighton and Hove Albion,2025-09-13T14:00:00Z,eu,Unibet (NL),Brighton and Hove Albion,2.8
Bournemouth,Brighton and Hove Albion,2025-09-13T14:00:00Z,eu,Unibet (NL),Draw,3.7
Bournemouth,Brighton and Hove Albion,2025-09-13T14:00:00Z,eu,Unibet (IT),Bournemouth,2.48
Bournemouth,Brighton and Hove Albion,2025-09-13T14:00:00Z,eu,Unibet (IT),Brighton and Hove Albion,2.7
Bournemouth,Brighton and Hove Albion,2025-09-13T14:00:00Z,eu,Unibet (IT),Draw,3.55
Bournemouth,Brighton and Hove Albion,2025-09-13T14:00:00Z,eu,Coolbet,Bournemouth,2.48
Bournemouth,Brighton and Hove Albion,2025-09-13T14:00:00Z,eu,Coolbet,Brighton and Hove Albion,2.91
Bournemouth,Brighton and Hove Albion,2025-09-13T14:00:00Z,eu,Coolbet,Draw,3.65
Bournemouth,Brighton and Hove Albion,2025-09-13T14:00:00Z,eu,Betclic (FR),Bournemouth,2.38
Bournemouth,Brighton and Hove Albion,2025-09-13T14:00:00Z,eu,Betclic (FR),Brighton and Hove Albion,2.77
Bournemouth,Brighton and Hove Albion,2025-09-13T14:00:00Z,eu,Betclic (FR),Draw,3.47
Bournemouth,Brighton and Hove Albion,2025-09-13T14:00:00Z,eu,BetOnline.ag,Bournemouth,2.47
Bournemouth,Brighton and Hove Albion,2025-09-13T14:00:00Z,eu,BetOnline.ag,Brighton and Hove Albion,2.86
Bournemouth,Brighton and Hove Albion,2025-09-13T14:00:00Z,eu,BetOnline.ag,Draw,3.57
Bournemouth,Brighton and Hove Albion,2025-09-13T14:00:00Z,eu,Everygame,Bournemouth,2.4
Bournemouth,Brighton and Hove Albion,2025-09-13T14:00:00Z,eu,Everygame,Brighton and Hove Albion,2.75
Bournemouth,Brighton and Hove Albion,2025-09-13T14:00:00Z,eu,Everygame,Draw,3.45
Bournemouth,Brighton and Hove Albion,2025-09-13T14:00:00Z,eu,Matchbook,Bournemouth,2.54
Bournemouth,Brighton and Hove Albion,2025-09-13T14:00:00Z,eu,Matchbook,Brighton and Hove Albion,2.96
Bournemouth,Brighton and Hove Albion,2025-09-13T14:00:00Z,eu,Matchbook,Draw,3.65
Bournemouth,Brighton and Hove Albion,2025-09-13T14:00:00Z,eu,Matchbook,Bournemouth,2.56
Bournemouth,Brighton and Hove Albion,2025-09-13T14:00:00Z,eu,Matchbook,Brighton and Hove Albion,3.0
Bournemouth,Brighton and Hove Albion,2025-09-13T14:00:00Z,eu,Matchbook,Draw,3.7
Bournemouth,Brighton and Hove Albion,2025-09-13T14:00:00Z,eu,GTbets,Bournemouth,2.42
Bournemouth,Brighton and Hove Albion,2025-09-13T14:00:00Z,eu,GTbets,Brighton and Hove Albion,2.79
Bournemouth,Brighton and Hove Albion,2025-09-13T14:00:00Z,eu,GTbets,Draw,3.6
Crystal Palace,Sunderland,2025-09-13T14:00:00Z,eu,Parions Sport (FR),Crystal Palace,1.6
Crystal Palace,Sunderland,2025-09-13T14:00:00Z,eu,Parions Sport (FR),Sunderland,5.2
Crystal Palace,Sunderland,2025-09-13T14:00:00Z,eu,Parions Sport (FR),Draw,3.8
Crystal Palace,Sunderland,2025-09-13T14:00:00Z,eu,1xBet,Crystal Palace,1.7
Crystal Palace,Sunderland,2025-09-13T14:00:00Z,eu,1xBet,Sunderland,5.37
Crystal Palace,Sunderland,2025-09-13T14:00:00Z,eu,1xBet,Draw,3.96
Crystal Palace,Sunderland,2025-09-13T14:00:00Z,eu,Marathon Bet,Crystal Palace,1.68
Crystal Palace,Sunderland,2025-09-13T14:00:00Z,eu,Marathon Bet,Sunderland,5.3
Crystal Palace,Sunderland,2025-09-13T14:00:00Z,eu,Marathon Bet,Draw,3.9
Crystal Palace,Sunderland,2025-09-13T14:00:00Z,eu,MyBookie.ag,Crystal Palace,1.64
Crystal Palace,Sunderland,2025-09-13T14:00:00Z,eu,MyBookie.ag,Sunderland,5.2
Crystal Palace,Sunderland,2025-09-13T14:00:00Z,eu,MyBookie.ag,Draw,3.8
Crystal Palace,Sunderland,2025-09-13T14:00:00Z,eu,Unibet (FR),Crystal Palace,1.62
Crystal Palace,Sunderland,2025-09-13T14:00:00Z,eu,Unibet (FR),Sunderland,5.25
Crystal Palace,Sunderland,2025-09-13T14:00:00Z,eu,Unibet (FR),Draw,3.82
Crystal Palace,Sunderland,2025-09-13T14:00:00Z,eu,Winamax (FR),Crystal Palace,1.6
Crystal Palace,Sunderland,2025-09-13T14:00:00Z,eu,Winamax (FR),Sunderland,5.4
Crystal Palace,Sunderland,2025-09-13T14:00:00Z,eu,Winamax (FR),Draw,3.8
Crystal Palace,Sunderland,2025-09-13T14:00:00Z,eu,Winamax (DE),Crystal Palace,1.62
Crystal Palace,Sunderland,2025-09-13T14:00:00Z,eu,Winamax (DE),Sunderland,5.4
Crystal Palace,Sunderland,2025-09-13T14:00:00Z,eu,Winamax (DE),Draw,3.85
Crystal Palace,Sunderland,2025-09-13T14:00:00Z,eu,888sport,Crystal Palace,1.67
Crystal Palace,Sunderland,2025-09-13T14:00:00Z,eu,888sport,Sunderland,5.0
Crystal Palace,Sunderland,2025-09-13T14:00:00Z,eu,888sport,Draw,3.7
Crystal Palace,Sunderland,2025-09-13T14:00:00Z,eu,William Hill,Crystal Palace,1.67
Crystal Palace,Sunderland,2025-09-13T14:00:00Z,eu,William Hill,Sunderland,5.0
Crystal Palace,Sunderland,2025-09-13T14:00:00Z,eu,William Hill,Draw,3.7
Crystal Palace,Sunderland,2025-09-13T14:00:00Z,eu,Tipico,Crystal Palace,1.62
Crystal Palace,Sunderland,2025-09-13T14:00:00Z,eu,Tipico,Sunderland,5.5
Crystal Palace,Sunderland,2025-09-13T14:00:00Z,eu,Tipico,Draw,3.8
Crystal Palace,Sunderland,2025-09-13T14:00:00Z,eu,Betsson,Crystal Palace,1.68
Crystal Palace,Sunderland,2025-09-13T14:00:00Z,eu,Betsson,Sunderland,5.4
Crystal Palace,Sunderland,2025-09-13T14:00:00Z,eu,Betsson,Draw,3.9
Crystal Palace,Sunderland,2025-09-13T14:00:00Z,eu,Nordic Bet,Crystal Palace,1.68
Crystal Palace,Sunderland,2025-09-13T14:00:00Z,eu,Nordic Bet,Sunderland,5.4
Crystal Palace,Sunderland,2025-09-13T14:00:00Z,eu,Nordic Bet,Draw,3.9
Crystal Palace,Sunderland,2025-09-13T14:00:00Z,eu,Pinnacle,Crystal Palace,1.67
Crystal Palace,Sunderland,2025-09-13T14:00:00Z,eu,Pinnacle,Sunderland,5.58
Crystal Palace,Sunderland,2025-09-13T14:00:00Z,eu,Pinnacle,Draw,3.88
Crystal Palace,Sunderland,2025-09-13T14:00:00Z,eu,Betfair,Crystal Palace,1.71
Crystal Palace,Sunderland,2025-09-13T14:00:00Z,eu,Betfair,Sunderland,5.9
Crystal Palace,Sunderland,2025-09-13T14:00:00Z,eu,Betfair,Draw,4.0
Crystal Palace,Sunderland,2025-09-13T14:00:00Z,eu,Betfair,Crystal Palace,1.72
Crystal Palace,Sunderland,2025-09-13T14:00:00Z,eu,Betfair,Sunderland,6.2
Crystal Palace,Sunderland,2025-09-13T14:00:00Z,eu,Betfair,Draw,4.1
Crystal Palace,Sunderland,2025-09-13T14:00:00Z,eu,Unibet (NL),Crystal Palace,1.7
Crystal Palace,Sunderland,2025-09-13T14:00:00Z,eu,Unibet (NL),Sunderland,5.5
Crystal Palace,Sunderland,2025-09-13T14:00:00Z,eu,Unibet (NL),Draw,4.0
Crystal Palace,Sunderland,2025-09-13T14:00:00Z,eu,Unibet (IT),Crystal Palace,1.65
Crystal Palace,Sunderland,2025-09-13T14:00:00Z,eu,Unibet (IT),Sunderland,5.25
Crystal Palace,Sunderland,2025-09-13T14:00:00Z,eu,Unibet (IT),Draw,3.9
Crystal Palace,Sunderland,2025-09-13T14:00:00Z,eu,Coolbet,Crystal Palace,1.69
Crystal Palace,Sunderland,2025-09-13T14:00:00Z,eu,Coolbet,Sunderland,5.6
Crystal Palace,Sunderland,2025-09-13T14:00:00Z,eu,Coolbet,Draw,4.0
Crystal Palace,Sunderland,2025-09-13T14:00:00Z,eu,Betclic (FR),Crystal Palace,1.63
Crystal Palace,Sunderland,2025-09-13T14:00:00Z,eu,Betclic (FR),Sunderland,5.2
Crystal Palace,Sunderland,2025-09-13T14:00:00Z,eu,Betclic (FR),Draw,3.8
Crystal Palace,Sunderland,2025-09-13T14:00:00Z,eu,BetOnline.ag,Crystal Palace,1.67
Crystal Palace,Sunderland,2025-09-13T14:00:00Z,eu,BetOnline.ag,Sunderland,5.6
Crystal Palace,Sunderland,2025-09-13T14:00:00Z,eu,BetOnline.ag,Draw,3.9
Crystal Palace,Sunderland,2025-09-13T14:00:00Z,eu,Everygame,Crystal Palace,1.62
Crystal Palace,Sunderland,2025-09-13T14:00:00Z,eu,Everygame,Sunderland,5.25
Crystal Palace,Sunderland,2025-09-13T14:00:00Z,eu,Everygame,Draw,3.75
Crystal Palace,Sunderland,2025-09-13T14:00:00Z,eu,Matchbook,Crystal Palace,1.71
Crystal Palace,Sunderland,2025-09-13T14:00:00Z,eu,Matchbook,Sunderland,6.0
Crystal Palace,Sunderland,2025-09-13T14:00:00Z,eu,Matchbook,Draw,4.0
Crystal Palace,Sunderland,2025-09-13T14:00:00Z,eu,Matchbook,Crystal Palace,1.72
Crystal Palace,Sunderland,2025-09-13T14:00:00Z,eu,Matchbook,Sunderland,6.2
Crystal Palace,Sunderland,2025-09-13T14:00:00Z,eu,Matchbook,Draw,4.1
Crystal Palace,Sunderland,2025-09-13T14:00:00Z,eu,GTbets,Crystal Palace,1.63
Crystal Palace,Sunderland,2025-09-13T14:00:00Z,eu,GTbets,Sunderland,5.28
Crystal Palace,Sunderland,2025-09-13T14:00:00Z,eu,GTbets,Draw,3.94
Fulham,Leeds United,2025-09-13T14:00:00Z,eu,Tipico,Fulham,1.93
Fulham,Leeds United,2025-09-13T14:00:00Z,eu,Tipico,Leeds United,3.9
Fulham,Leeds United,2025-09-13T14:00:00Z,eu,Tipico,Draw,3.5
Fulham,Leeds United,2025-09-13T14:00:00Z,eu,Winamax (FR),Fulham,1.92
Fulham,Leeds United,2025-09-13T14:00:00Z,eu,Winamax (FR),Leeds United,3.8
Fulham,Leeds United,2025-09-13T14:00:00Z,eu,Winamax (FR),Draw,3.5
Fulham,Leeds United,2025-09-13T14:00:00Z,eu,Winamax (DE),Fulham,1.94
Fulham,Leeds United,2025-09-13T14:00:00Z,eu,Winamax (DE),Leeds United,3.8
Fulham,Leeds United,2025-09-13T14:00:00Z,eu,Winamax (DE),Draw,3.55
Fulham,Leeds United,2025-09-13T14:00:00Z,eu,1xBet,Fulham,1.99
Fulham,Leeds United,2025-09-13T14:00:00Z,eu,1xBet,Leeds United,4.0
Fulham,Leeds United,2025-09-13T14:00:00Z,eu,1xBet,Draw,3.67
Fulham,Leeds United,2025-09-13T14:00:00Z,eu,888sport,Fulham,1.91
Fulham,Leeds United,2025-09-13T14:00:00Z,eu,888sport,Leeds United,3.8
Fulham,Leeds United,2025-09-13T14:00:00Z,eu,888sport,Draw,3.5
Fulham,Leeds United,2025-09-13T14:00:00Z,eu,William Hill,Fulham,1.91
Fulham,Leeds United,2025-09-13T14:00:00Z,eu,William Hill,Leeds United,3.8
Fulham,Leeds United,2025-09-13T14:00:00Z,eu,William Hill,Draw,3.5
Fulham,Leeds United,2025-09-13T14:00:00Z,eu,Marathon Bet,Fulham,1.96
Fulham,Leeds United,2025-09-13T14:00:00Z,eu,Marathon Bet,Leeds United,3.94
Fulham,Leeds United,2025-09-13T14:00:00Z,eu,Marathon Bet,Draw,3.62
Fulham,Leeds United,2025-09-13T14:00:00Z,eu,Parions Sport (FR),Fulham,1.88
Fulham,Leeds United,2025-09-13T14:00:00Z,eu,Parions Sport (FR),Leeds United,3.8
Fulham,Leeds United,2025-09-13T14:00:00Z,eu,Parions Sport (FR),Draw,3.5
Fulham,Leeds United,2025-09-13T14:00:00Z,eu,MyBookie.ag,Fulham,1.93
Fulham,Leeds United,2025-09-13T14:00:00Z,eu,MyBookie.ag,Leeds United,3.8
Fulham,Leeds United,2025-09-13T14:00:00Z,eu,MyBookie.ag,Draw,3.44
Fulham,Leeds United,2025-09-13T14:00:00Z,eu,Betsson,Fulham,1.98
Fulham,Leeds United,2025-09-13T14:00:00Z,eu,Betsson,Leeds United,3.9
Fulham,Leeds United,2025-09-13T14:00:00Z,eu,Betsson,Draw,3.55
Fulham,Leeds United,2025-09-13T14:00:00Z,eu,Nordic Bet,Fulham,1.98
Fulham,Leeds United,2025-09-13T14:00:00Z,eu,Nordic Bet,Leeds United,3.9
Fulham,Leeds United,2025-09-13T14:00:00Z,eu,Nordic Bet,Draw,3.55
Fulham,Leeds United,2025-09-13T14:00:00Z,eu,Unibet (FR),Fulham,1.92
Fulham,Leeds United,2025-09-13T14:00:00Z,eu,Unibet (FR),Leeds United,3.82
Fulham,Leeds United,2025-09-13T14:00:00Z,eu,Unibet (FR),Draw,3.48
Fulham,Leeds United,2025-09-13T14:00:00Z,eu,Pinnacle,Fulham,1.98
Fulham,Leeds United,2025-09-13T14:00:00Z,eu,Pinnacle,Leeds United,3.97
Fulham,Leeds United,2025-09-13T14:00:00Z,eu,Pinnacle,Draw,3.61
Fulham,Leeds United,2025-09-13T14:00:00Z,eu,Betfair,Fulham,2.02
Fulham,Leeds United,2025-09-13T14:00:00Z,eu,Betfair,Leeds United,4.1
Fulham,Leeds United,2025-09-13T14:00:00Z,eu,Betfair,Draw,3.7
Fulham,Leeds United,2025-09-13T14:00:00Z,eu,Betfair,Fulham,2.06
Fulham,Leeds United,2025-09-13T14:00:00Z,eu,Betfair,Leeds United,4.3
Fulham,Leeds United,2025-09-13T14:00:00Z,eu,Betfair,Draw,3.75
Fulham,Leeds United,2025-09-13T14:00:00Z,eu,Unibet (NL),Fulham,2.02
Fulham,Leeds United,2025-09-13T14:00:00Z,eu,Unibet (NL),Leeds United,3.95
Fulham,Leeds United,2025-09-13T14:00:00Z,eu,Unibet (NL),Draw,3.65
Fulham,Leeds United,2025-09-13T14:00:00Z,eu,Unibet (IT),Fulham,1.96
Fulham,Leeds United,2025-09-13T14:00:00Z,eu,Unibet (IT),Leeds United,3.8
Fulham,Leeds United,2025-09-13T14:00:00Z,eu,Unibet (IT),Draw,3.5
Fulham,Leeds United,2025-09-13T14:00:00Z,eu,Coolbet,Fulham,2.01
Fulham,Leeds United,2025-09-13T14:00:00Z,eu,Coolbet,Leeds United,4.0
Fulham,Leeds United,2025-09-13T14:00:00Z,eu,Coolbet,Draw,3.67
Fulham,Leeds United,2025-09-13T14:00:00Z,eu,Betclic (FR),Fulham,1.93
Fulham,Leeds United,2025-09-13T14:00:00Z,eu,Betclic (FR),Leeds United,3.82
Fulham,Leeds United,2025-09-13T14:00:00Z,eu,Betclic (FR),Draw,3.47
Fulham,Leeds United,2025-09-13T14:00:00Z,eu,BetOnline.ag,Fulham,1.98
Fulham,Leeds United,2025-09-13T14:00:00Z,eu,BetOnline.ag,Leeds United,3.97
Fulham,Leeds United,2025-09-13T14:00:00Z,eu,BetOnline.ag,Draw,3.6
Fulham,Leeds United,2025-09-13T14:00:00Z,eu,Everygame,Fulham,1.91
Fulham,Leeds United,2025-09-13T14:00:00Z,eu,Everygame,Leeds United,3.75
Fulham,Leeds United,2025-09-13T14:00:00Z,eu,Everygame,Draw,3.45
Fulham,Leeds United,2025-09-13T14:00:00Z,eu,Matchbook,Fulham,2.02
Fulham,Leeds United,2025-09-13T14:00:00Z,eu,Matchbook,Leeds United,4.1
Fulham,Leeds United,2025-09-13T14:00:00Z,eu,Matchbook,Draw,3.7
Fulham,Leeds United,2025-09-13T14:00:00Z,eu,Matchbook,Fulham,2.06
Fulham,Leeds United,2025-09-13T14:00:00Z,eu,Matchbook,Leeds United,4.3
Fulham,Leeds United,2025-09-13T14:00:00Z,eu,Matchbook,Draw,3.75
Fulham,Leeds United,2025-09-13T14:00:00Z,eu,GTbets,Fulham,1.91
Fulham,Leeds United,2025-09-13T14:00:00Z,eu,GTbets,Leeds United,4.04
Fulham,Leeds United,2025-09-13T14:00:00Z,eu,GTbets,Draw,3.58
Newcastle United,Wolverhampton Wanderers,2025-09-13T14:00:00Z,eu,Marathon Bet,Newcastle United,1.45
Newcastle United,Wolverhampton Wanderers,2025-09-13T14:00:00Z,eu,Marathon Bet,Wolverhampton Wanderers,7.3
Newcastle United,Wolverhampton Wanderers,2025-09-13T14:00:00Z,eu,Marathon Bet,Draw,4.7
Newcastle United,Wolverhampton Wanderers,2025-09-13T14:00:00Z,eu,Parions Sport (FR),Newcastle United,1.39
Newcastle United,Wolverhampton Wanderers,2025-09-13T14:00:00Z,eu,Parions Sport (FR),Wolverhampton Wanderers,6.9
Newcastle United,Wolverhampton Wanderers,2025-09-13T14:00:00Z,eu,Parions Sport (FR),Draw,4.65
Newcastle United,Wolverhampton Wanderers,2025-09-13T14:00:00Z,eu,1xBet,Newcastle United,1.47
Newcastle United,Wolverhampton Wanderers,2025-09-13T14:00:00Z,eu,1xBet,Wolverhampton Wanderers,7.39
Newcastle United,Wolverhampton Wanderers,2025-09-13T14:00:00Z,eu,1xBet,Draw,4.76
Newcastle United,Wolverhampton Wanderers,2025-09-13T14:00:00Z,eu,Winamax (FR),Newcastle United,1.42
Newcastle United,Wolverhampton Wanderers,2025-09-13T14:00:00Z,eu,Winamax (FR),Wolverhampton Wanderers,6.5
Newcastle United,Wolverhampton Wanderers,2025-09-13T14:00:00Z,eu,Winamax (FR),Draw,4.6
Newcastle United,Wolverhampton Wanderers,2025-09-13T14:00:00Z,eu,Winamax (DE),Newcastle United,1.43
Newcastle United,Wolverhampton Wanderers,2025-09-13T14:00:00Z,eu,Winamax (DE),Wolverhampton Wanderers,6.75
Newcastle United,Wolverhampton Wanderers,2025-09-13T14:00:00Z,eu,Winamax (DE),Draw,4.7
Newcastle United,Wolverhampton Wanderers,2025-09-13T14:00:00Z,eu,MyBookie.ag,Newcastle United,1.44
Newcastle United,Wolverhampton Wanderers,2025-09-13T14:00:00Z,eu,MyBookie.ag,Wolverhampton Wanderers,6.6
Newcastle United,Wolverhampton Wanderers,2025-09-13T14:00:00Z,eu,MyBookie.ag,Draw,4.5
Newcastle United,Wolverhampton Wanderers,2025-09-13T14:00:00Z,eu,888sport,Newcastle United,1.44
Newcastle United,Wolverhampton Wanderers,2025-09-13T14:00:00Z,eu,888sport,Wolverhampton Wanderers,6.5
Newcastle United,Wolverhampton Wanderers,2025-09-13T14:00:00Z,eu,888sport,Draw,4.4
Newcastle United,Wolverhampton Wanderers,2025-09-13T14:00:00Z,eu,William Hill,Newcastle United,1.44
Newcastle United,Wolverhampton Wanderers,2025-09-13T14:00:00Z,eu,William Hill,Wolverhampton Wanderers,6.5
Newcastle United,Wolverhampton Wanderers,2025-09-13T14:00:00Z,eu,William Hill,Draw,4.4
Newcastle United,Wolverhampton Wanderers,2025-09-13T14:00:00Z,eu,Tipico,Newcastle United,1.4
Newcastle United,Wolverhampton Wanderers,2025-09-13T14:00:00Z,eu,Tipico,Wolverhampton Wanderers,7.0
Newcastle United,Wolverhampton Wanderers,2025-09-13T14:00:00Z,eu,Tipico,Draw,4.9
Newcastle United,Wolverhampton Wanderers,2025-09-13T14:00:00Z,eu,Betsson,Newcastle United,1.44
Newcastle United,Wolverhampton Wanderers,2025-09-13T14:00:00Z,eu,Betsson,Wolverhampton Wanderers,7.4
Newcastle United,Wolverhampton Wanderers,2025-09-13T14:00:00Z,eu,Betsson,Draw,4.75
Newcastle United,Wolverhampton Wanderers,2025-09-13T14:00:00Z,eu,Nordic Bet,Newcastle United,1.44
Newcastle United,Wolverhampton Wanderers,2025-09-13T14:00:00Z,eu,Nordic Bet,Wolverhampton Wanderers,7.4
Newcastle United,Wolverhampton Wanderers,2025-09-13T14:00:00Z,eu,Nordic Bet,Draw,4.75
Newcastle United,Wolverhampton Wanderers,2025-09-13T14:00:00Z,eu,Pinnacle,Newcastle United,1.45
Newcastle United,Wolverhampton Wanderers,2025-09-13T14:00:00Z,eu,Pinnacle,Wolverhampton Wanderers,6.92
Newcastle United,Wolverhampton Wanderers,2025-09-13T14:00:00Z,eu,Pinnacle,Draw,4.89
Newcastle United,Wolverhampton Wanderers,2025-09-13T14:00:00Z,eu,Unibet (FR),Newcastle United,1.43
Newcastle United,Wolverhampton Wanderers,2025-09-13T14:00:00Z,eu,Unibet (FR),Wolverhampton Wanderers,6.7
Newcastle United,Wolverhampton Wanderers,2025-09-13T14:00:00Z,eu,Unibet (FR),Draw,4.55
Newcastle United,Wolverhampton Wanderers,2025-09-13T14:00:00Z,eu,Betfair,Newcastle United,1.46
Newcastle United,Wolverhampton Wanderers,2025-09-13T14:00:00Z,eu,Betfair,Wolverhampton Wanderers,8.2
Newcastle United,Wolverhampton Wanderers,2025-09-13T14:00:00Z,eu,Betfair,Draw,4.9
Newcastle United,Wolverhampton Wanderers,2025-09-13T14:00:00Z,eu,Betfair,Newcastle United,1.48
Newcastle United,Wolverhampton Wanderers,2025-09-13T14:00:00Z,eu,Betfair,Wolverhampton Wanderers,8.8
Newcastle United,Wolverhampton Wanderers,2025-09-13T14:00:00Z,eu,Betfair,Draw,5.1
Newcastle United,Wolverhampton Wanderers,2025-09-13T14:00:00Z,eu,Unibet (NL),Newcastle United,1.45
Newcastle United,Wolverhampton Wanderers,2025-09-13T14:00:00Z,eu,Unibet (NL),Wolverhampton Wanderers,7.5
Newcastle United,Wolverhampton Wanderers,2025-09-13T14:00:00Z,eu,Unibet (NL),Draw,4.9
Newcastle United,Wolverhampton Wanderers,2025-09-13T14:00:00Z,eu,Unibet (IT),Newcastle United,1.42
Newcastle United,Wolverhampton Wanderers,2025-09-13T14:00:00Z,eu,Unibet (IT),Wolverhampton Wanderers,7.5
Newcastle United,Wolverhampton Wanderers,2025-09-13T14:00:00Z,eu,Unibet (IT),Draw,4.7
Newcastle United,Wolverhampton Wanderers,2025-09-13T14:00:00Z,eu,Coolbet,Newcastle United,1.45
Newcastle United,Wolverhampton Wanderers,2025-09-13T14:00:00Z,eu,Coolbet,Wolverhampton Wanderers,7.9
Newcastle United,Wolverhampton Wanderers,2025-09-13T14:00:00Z,eu,Coolbet,Draw,4.9
Newcastle United,Wolverhampton Wanderers,2025-09-13T14:00:00Z,eu,BetOnline.ag,Newcastle United,1.45
Newcastle United,Wolverhampton Wanderers,2025-09-13T14:00:00Z,eu,BetOnline.ag,Wolverhampton Wanderers,7.0
Newcastle United,Wolverhampton Wanderers,2025-09-13T14:00:00Z,eu,BetOnline.ag,Draw,4.9
Newcastle United,Wolverhampton Wanderers,2025-09-13T14:00:00Z,eu,Everygame,Newcastle United,1.44
Newcastle United,Wolverhampton Wanderers,2025-09-13T14:00:00Z,eu,Everygame,Wolverhampton Wanderers,6.5
Newcastle United,Wolverhampton Wanderers,2025-09-13T14:00:00Z,eu,Everygame,Draw,4.6
Newcastle United,Wolverhampton Wanderers,2025-09-13T14:00:00Z,eu,Matchbook,Newcastle United,1.46
Newcastle United,Wolverhampton Wanderers,2025-09-13T14:00:00Z,eu,Matchbook,Wolverhampton Wanderers,8.2
Newcastle United,Wolverhampton Wanderers,2025-09-13T14:00:00Z,eu,Matchbook,Draw,4.9
Newcastle United,Wolverhampton Wanderers,2025-09-13T14:00:00Z,eu,Matchbook,Newcastle United,1.48
Newcastle United,Wolverhampton Wanderers,2025-09-13T14:00:00Z,eu,Matchbook,Wolverhampton Wanderers,9.0
Newcastle United,Wolverhampton Wanderers,2025-09-13T14:00:00Z,eu,Matchbook,Draw,5.1
Newcastle United,Wolverhampton Wanderers,2025-09-13T14:00:00Z,eu,GTbets,Newcastle United,1.45
Newcastle United,Wolverhampton Wanderers,2025-09-13T14:00:00Z,eu,GTbets,Wolverhampton Wanderers,7.03
Newcastle United,Wolverhampton Wanderers,2025-09-13T14:00:00Z,eu,GTbets,Draw,4.62
West Ham United,Tottenham Hotspur,2025-09-13T16:30:00Z,eu,Parions Sport (FR),Tottenham Hotspur,2.1
West Ham United,Tottenham Hotspur,2025-09-13T16:30:00Z,eu,Parions Sport (FR),West Ham United,3.1
West Ham United,Tottenham Hotspur,2025-09-13T16:30:00Z,eu,Parions Sport (FR),Draw,3.5
West Ham United,Tottenham Hotspur,2025-09-13T16:30:00Z,eu,1xBet,Tottenham Hotspur,2.16
West Ham United,Tottenham Hotspur,2025-09-13T16:30:00Z,eu,1xBet,West Ham United,3.42
West Ham United,Tottenham Hotspur,2025-09-13T16:30:00Z,eu,1xBet,Draw,3.69
West Ham United,Tottenham Hotspur,2025-09-13T16:30:00Z,eu,Marathon Bet,Tottenham Hotspur,2.13
West Ham United,Tottenham Hotspur,2025-09-13T16:30:00Z,eu,Marathon Bet,West Ham United,3.38
West Ham United,Tottenham Hotspur,2025-09-13T16:30:00Z,eu,Marathon Bet,Draw,3.64
West Ham United,Tottenham Hotspur,2025-09-13T16:30:00Z,eu,Winamax (FR),Tottenham Hotspur,2.05
West Ham United,Tottenham Hotspur,2025-09-13T16:30:00Z,eu,Winamax (FR),West Ham United,3.25
West Ham United,Tottenham Hotspur,2025-09-13T16:30:00Z,eu,Winamax (FR),Draw,3.55
West Ham United,Tottenham Hotspur,2025-09-13T16:30:00Z,eu,Winamax (DE),Tottenham Hotspur,2.05
West Ham United,Tottenham Hotspur,2025-09-13T16:30:00Z,eu,Winamax (DE),West Ham United,3.3
West Ham United,Tottenham Hotspur,2025-09-13T16:30:00Z,eu,Winamax (DE),Draw,3.55
West Ham United,Tottenham Hotspur,2025-09-13T16:30:00Z,eu,888sport,Tottenham Hotspur,2.1
West Ham United,Tottenham Hotspur,2025-09-13T16:30:00Z,eu,888sport,West Ham United,3.3
West Ham United,Tottenham Hotspur,2025-09-13T16:30:00Z,eu,888sport,Draw,3.4
West Ham United,Tottenham Hotspur,2025-09-13T16:30:00Z,eu,William Hill,Tottenham Hotspur,2.1
West Ham United,Tottenham Hotspur,2025-09-13T16:30:00Z,eu,William Hill,West Ham United,3.3
West Ham United,Tottenham Hotspur,2025-09-13T16:30:00Z,eu,William Hill,Draw,3.4
West Ham United,Tottenham Hotspur,2025-09-13T16:30:00Z,eu,Tipico,Tottenham Hotspur,2.05
West Ham United,Tottenham Hotspur,2025-09-13T16:30:00Z,eu,Tipico,West Ham United,3.4
West Ham United,Tottenham Hotspur,2025-09-13T16:30:00Z,eu,Tipico,Draw,3.6
West Ham United,Tottenham Hotspur,2025-09-13T16:30:00Z,eu,Betsson,Tottenham Hotspur,2.1
West Ham United,Tottenham Hotspur,2025-09-13T16:30:00Z,eu,Betsson,West Ham United,3.4
West Ham United,Tottenham Hotspur,2025-09-13T16:30:00Z,eu,Betsson,Draw,3.65
West Ham United,Tottenham Hotspur,2025-09-13T16:30:00Z,eu,Nordic Bet,Tottenham Hotspur,2.1
West Ham United,Tottenham Hotspur,2025-09-13T16:30:00Z,eu,Nordic Bet,West Ham United,3.4
West Ham United,Tottenham Hotspur,2025-09-13T16:30:00Z,eu,Nordic Bet,Draw,3.65
West Ham United,Tottenham Hotspur,2025-09-13T16:30:00Z,eu,Pinnacle,Tottenham Hotspur,2.13
West Ham United,Tottenham Hotspur,2025-09-13T16:30:00Z,eu,Pinnacle,West Ham United,3.43
West Ham United,Tottenham Hotspur,2025-09-13T16:30:00Z,eu,Pinnacle,Draw,3.67
West Ham United,Tottenham Hotspur,2025-09-13T16:30:00Z,eu,MyBookie.ag,Tottenham Hotspur,2.1
West Ham United,Tottenham Hotspur,2025-09-13T16:30:00Z,eu,MyBookie.ag,West Ham United,3.26
West Ham United,Tottenham Hotspur,2025-09-13T16:30:00Z,eu,MyBookie.ag,Draw,3.5
West Ham United,Tottenham Hotspur,2025-09-13T16:30:00Z,eu,Betfair,Tottenham Hotspur,2.18
West Ham United,Tottenham Hotspur,2025-09-13T16:30:00Z,eu,Betfair,West Ham United,3.5
West Ham United,Tottenham Hotspur,2025-09-13T16:30:00Z,eu,Betfair,Draw,3.75
West Ham United,Tottenham Hotspur,2025-09-13T16:30:00Z,eu,Betfair,Tottenham Hotspur,2.22
West Ham United,Tottenham Hotspur,2025-09-13T16:30:00Z,eu,Betfair,West Ham United,3.6
West Ham United,Tottenham Hotspur,2025-09-13T16:30:00Z,eu,Betfair,Draw,3.8
West Ham United,Tottenham Hotspur,2025-09-13T16:30:00Z,eu,Unibet (NL),Tottenham Hotspur,2.14
West Ham United,Tottenham Hotspur,2025-09-13T16:30:00Z,eu,Unibet (NL),West Ham United,3.55
West Ham United,Tottenham Hotspur,2025-09-13T16:30:00Z,eu,Unibet (NL),Draw,3.65
West Ham United,Tottenham Hotspur,2025-09-13T16:30:00Z,eu,Unibet (IT),Tottenham Hotspur,2.08
West Ham United,Tottenham Hotspur,2025-09-13T16:30:00Z,eu,Unibet (IT),West Ham United,3.4
West Ham United,Tottenham Hotspur,2025-09-13T16:30:00Z,eu,Unibet (IT),Draw,3.55
West Ham United,Tottenham Hotspur,2025-09-13T16:30:00Z,eu,Unibet (FR),Tottenham Hotspur,2.07
West Ham United,Tottenham Hotspur,2025-09-13T16:30:00Z,eu,Unibet (FR),West Ham United,3.3
West Ham United,Tottenham Hotspur,2025-09-13T16:30:00Z,eu,Unibet (FR),Draw,3.52
West Ham United,Tottenham Hotspur,2025-09-13T16:30:00Z,eu,Coolbet,Tottenham Hotspur,2.14
West Ham United,Tottenham Hotspur,2025-09-13T16:30:00Z,eu,Coolbet,West Ham United,3.55
West Ham United,Tottenham Hotspur,2025-09-13T16:30:00Z,eu,Coolbet,Draw,3.68
West Ham United,Tottenham Hotspur,2025-09-13T16:30:00Z,eu,BetOnline.ag,Tottenham Hotspur,2.13
West Ham United,Tottenham Hotspur,2025-09-13T16:30:00Z,eu,BetOnline.ag,West Ham United,3.42
West Ham United,Tottenham Hotspur,2025-09-13T16:30:00Z,eu,BetOnline.ag,Draw,3.65
West Ham United,Tottenham Hotspur,2025-09-13T16:30:00Z,eu,Everygame,Tottenham Hotspur,2.05
West Ham United,Tottenham Hotspur,2025-09-13T16:30:00Z,eu,Everygame,West Ham United,3.35
West Ham United,Tottenham Hotspur,2025-09-13T16:30:00Z,eu,Everygame,Draw,3.5
West Ham United,Tottenham Hotspur,2025-09-13T16:30:00Z,eu,Matchbook,Tottenham Hotspur,2.2
West Ham United,Tottenham Hotspur,2025-09-13T16:30:00Z,eu,Matchbook,West Ham United,3.5
West Ham United,Tottenham Hotspur,2025-09-13T16:30:00Z,eu,Matchbook,Draw,3.75
West Ham United,Tottenham Hotspur,2025-09-13T16:30:00Z,eu,Matchbook,Tottenham Hotspur,2.22
West Ham United,Tottenham Hotspur,2025-09-13T16:30:00Z,eu,Matchbook,West Ham United,3.6
West Ham United,Tottenham Hotspur,2025-09-13T16:30:00Z,eu,Matchbook,Draw,3.8
West Ham United,Tottenham Hotspur,2025-09-13T16:30:00Z,eu,GTbets,Tottenham Hotspur,2.12
West Ham United,Tottenham Hotspur,2025-09-13T16:30:00Z,eu,GTbets,West Ham United,3.34
West Ham United,Tottenham Hotspur,2025-09-13T16:30:00Z,eu,GTbets,Draw,3.59
Brentford,Chelsea,2025-09-13T19:00:00Z,eu,1xBet,Brentford,4.76
Brentford,Chelsea,2025-09-13T19:00:00Z,eu,1xBet,Chelsea,1.77
Brentford,Chelsea,2025-09-13T19:00:00Z,eu,1xBet,Draw,3.97
Brentford,Chelsea,2025-09-13T19:00:00Z,eu,Marathon Bet,Brentford,4.7
Brentford,Chelsea,2025-09-13T19:00:00Z,eu,Marathon Bet,Chelsea,1.75
Brentford,Chelsea,2025-09-13T19:00:00Z,eu,Marathon Bet,Draw,3.92
Brentford,Chelsea,2025-09-13T19:00:00Z,eu,888sport,Brentford,4.5
Brentford,Chelsea,2025-09-13T19:00:00Z,eu,888sport,Chelsea,1.75
Brentford,Chelsea,2025-09-13T19:00:00Z,eu,888sport,Draw,3.75
Brentford,Chelsea,2025-09-13T19:00:00Z,eu,William Hill,Brentford,4.5
Brentford,Chelsea,2025-09-13T19:00:00Z,eu,William Hill,Chelsea,1.75
Brentford,Chelsea,2025-09-13T19:00:00Z,eu,William Hill,Draw,3.75
Brentford,Chelsea,2025-09-13T19:00:00Z,eu,Betsson,Brentford,4.6
Brentford,Chelsea,2025-09-13T19:00:00Z,eu,Betsson,Chelsea,1.75
Brentford,Chelsea,2025-09-13T19:00:00Z,eu,Betsson,Draw,3.95
Brentford,Chelsea,2025-09-13T19:00:00Z,eu,Nordic Bet,Brentford,4.6
Brentford,Chelsea,2025-09-13T19:00:00Z,eu,Nordic Bet,Chelsea,1.75
Brentford,Chelsea,2025-09-13T19:00:00Z,eu,Nordic Bet,Draw,3.95
Brentford,Chelsea,2025-09-13T19:00:00Z,eu,Parions Sport (FR),Brentford,4.5
Brentford,Chelsea,2025-09-13T19:00:00Z,eu,Parions Sport (FR),Chelsea,1.66
Brentford,Chelsea,2025-09-13T19:00:00Z,eu,Parions Sport (FR),Draw,3.9
Brentford,Chelsea,2025-09-13T19:00:00Z,eu,Winamax (FR),Brentford,4.4
Brentford,Chelsea,2025-09-13T19:00:00Z,eu,Winamax (FR),Chelsea,1.7
Brentford,Chelsea,2025-09-13T19:00:00Z,eu,Winamax (FR),Draw,3.85
Brentford,Chelsea,2025-09-13T19:00:00Z,eu,Winamax (DE),Brentford,4.5
Brentford,Chelsea,2025-09-13T19:00:00Z,eu,Winamax (DE),Chelsea,1.72
Brentford,Chelsea,2025-09-13T19:00:00Z,eu,Winamax (DE),Draw,3.9
Brentford,Chelsea,2025-09-13T19:00:00Z,eu,MyBookie.ag,Brentford,4.4
Brentford,Chelsea,2025-09-13T19:00:00Z,eu,MyBookie.ag,Chelsea,1.74
Brentford,Chelsea,2025-09-13T19:00:00Z,eu,MyBookie.ag,Draw,3.8
Brentford,Chelsea,2025-09-13T19:00:00Z,eu,Tipico,Brentford,4.6
Brentford,Chelsea,2025-09-13T19:00:00Z,eu,Tipico,Chelsea,1.72
Brentford,Chelsea,2025-09-13T19:00:00Z,eu,Tipico,Draw,3.8
Brentford,Chelsea,2025-09-13T19:00:00Z,eu,Pinnacle,Brentford,4.64
Brentford,Chelsea,2025-09-13T19:00:00Z,eu,Pinnacle,Chelsea,1.76
Brentford,Chelsea,2025-09-13T19:00:00Z,eu,Pinnacle,Draw,3.95
Brentford,Chelsea,2025-09-13T19:00:00Z,eu,Betfair,Brentford,4.9
Brentford,Chelsea,2025-09-13T19:00:00Z,eu,Betfair,Chelsea,1.8
Brentford,Chelsea,2025-09-13T19:00:00Z,eu,Betfair,Draw,4.0
Brentford,Chelsea,2025-09-13T19:00:00Z,eu,Betfair,Brentford,5.0
Brentford,Chelsea,2025-09-13T19:00:00Z,eu,Betfair,Chelsea,1.82
Brentford,Chelsea,2025-09-13T19:00:00Z,eu,Betfair,Draw,4.1
Brentford,Chelsea,2025-09-13T19:00:00Z,eu,Unibet (NL),Brentford,4.75
Brentford,Chelsea,2025-09-13T19:00:00Z,eu,Unibet (NL),Chelsea,1.76
Brentford,Chelsea,2025-09-13T19:00:00Z,eu,Unibet (NL),Draw,4.1
Brentford,Chelsea,2025-09-13T19:00:00Z,eu,Unibet (IT),Brentford,4.6
Brentford,Chelsea,2025-09-13T19:00:00Z,eu,Unibet (IT),Chelsea,1.72
Brentford,Chelsea,2025-09-13T19:00:00Z,eu,Unibet (IT),Draw,4.0
Brentford,Chelsea,2025-09-13T19:00:00Z,eu,Unibet (FR),Brentford,4.4
Brentford,Chelsea,2025-09-13T19:00:00Z,eu,Unibet (FR),Chelsea,1.72
Brentford,Chelsea,2025-09-13T19:00:00Z,eu,Unibet (FR),Draw,3.82
Brentford,Chelsea,2025-09-13T19:00:00Z,eu,Coolbet,Brentford,4.85
Brentford,Chelsea,2025-09-13T19:00:00Z,eu,Coolbet,Chelsea,1.77
Brentford,Chelsea,2025-09-13T19:00:00Z,eu,Coolbet,Draw,4.0
Brentford,Chelsea,2025-09-13T19:00:00Z,eu,BetOnline.ag,Brentford,4.62
Brentford,Chelsea,2025-09-13T19:00:00Z,eu,BetOnline.ag,Chelsea,1.77
Brentford,Chelsea,2025-09-13T19:00:00Z,eu,BetOnline.ag,Draw,3.93
Brentford,Chelsea,2025-09-13T19:00:00Z,eu,Everygame,Brentford,4.4
Brentford,Chelsea,2025-09-13T19:00:00Z,eu,Everygame,Chelsea,1.73
Brentford,Chelsea,2025-09-13T19:00:00Z,eu,Everygame,Draw,3.75
Brentford,Chelsea,2025-09-13T19:00:00Z,eu,Matchbook,Brentford,4.9
Brentford,Chelsea,2025-09-13T19:00:00Z,eu,Matchbook,Chelsea,1.8
Brentford,Chelsea,2025-09-13T19:00:00Z,eu,Matchbook,Draw,4.0
Brentford,Chelsea,2025-09-13T19:00:00Z,eu,Matchbook,Brentford,5.1
Brentford,Chelsea,2025-09-13T19:00:00Z,eu,Matchbook,Chelsea,1.82
Brentford,Chelsea,2025-09-13T19:00:00Z,eu,Matchbook,Draw,4.1
Brentford,Chelsea,2025-09-13T19:00:00Z,eu,GTbets,Brentford,4.56
Brentford,Chelsea,2025-09-13T19:00:00Z,eu,GTbets,Chelsea,1.78
Brentford,Chelsea,2025-09-13T19:00:00Z,eu,GTbets,Draw,3.85
Burnley,Liverpool,2025-09-14T13:00:00Z,eu,Parions Sport (FR),Burnley,8.5
Burnley,Liverpool,2025-09-14T13:00:00Z,eu,Parions Sport (FR),Liverpool,1.27
Burnley,Liverpool,2025-09-14T13:00:00Z,eu,Parions Sport (FR),Draw,5.4
Burnley,Liverpool,2025-09-14T13:00:00Z,eu,1xBet,Burnley,9.8
Burnley,Liverpool,2025-09-14T13:00:00Z,eu,1xBet,Liverpool,1.34
Burnley,Liverpool,2025-09-14T13:00:00Z,eu,1xBet,Draw,5.63
Burnley,Liverpool,2025-09-14T13:00:00Z,eu,Marathon Bet,Burnley,9.7
Burnley,Liverpool,2025-09-14T13:00:00Z,eu,Marathon Bet,Liverpool,1.32
Burnley,Liverpool,2025-09-14T13:00:00Z,eu,Marathon Bet,Draw,5.55
Burnley,Liverpool,2025-09-14T13:00:00Z,eu,MyBookie.ag,Burnley,9.0
Burnley,Liverpool,2025-09-14T13:00:00Z,eu,MyBookie.ag,Liverpool,1.29
Burnley,Liverpool,2025-09-14T13:00:00Z,eu,MyBookie.ag,Draw,5.2
Burnley,Liverpool,2025-09-14T13:00:00Z,eu,Winamax (FR),Burnley,9.0
Burnley,Liverpool,2025-09-14T13:00:00Z,eu,Winamax (FR),Liverpool,1.28
Burnley,Liverpool,2025-09-14T13:00:00Z,eu,Winamax (FR),Draw,5.5
Burnley,Liverpool,2025-09-14T13:00:00Z,eu,Winamax (DE),Burnley,9.0
Burnley,Liverpool,2025-09-14T13:00:00Z,eu,Winamax (DE),Liverpool,1.29
Burnley,Liverpool,2025-09-14T13:00:00Z,eu,Winamax (DE),Draw,5.6
Burnley,Liverpool,2025-09-14T13:00:00Z,eu,888sport,Burnley,9.0
Burnley,Liverpool,2025-09-14T13:00:00Z,eu,888sport,Liverpool,1.3
Burnley,Liverpool,2025-09-14T13:00:00Z,eu,888sport,Draw,5.0
Burnley,Liverpool,2025-09-14T13:00:00Z,eu,William Hill,Burnley,9.0
Burnley,Liverpool,2025-09-14T13:00:00Z,eu,William Hill,Liverpool,1.3
Burnley,Liverpool,2025-09-14T13:00:00Z,eu,William Hill,Draw,5.0
Burnley,Liverpool,2025-09-14T13:00:00Z,eu,Tipico,Burnley,9.5
Burnley,Liverpool,2025-09-14T13:00:00Z,eu,Tipico,Liverpool,1.3
Burnley,Liverpool,2025-09-14T13:00:00Z,eu,Tipico,Draw,5.7
Burnley,Liverpool,2025-09-14T13:00:00Z,eu,Betsson,Burnley,9.8
Burnley,Liverpool,2025-09-14T13:00:00Z,eu,Betsson,Liverpool,1.31
Burnley,Liverpool,2025-09-14T13:00:00Z,eu,Betsson,Draw,5.7
Burnley,Liverpool,2025-09-14T13:00:00Z,eu,Nordic Bet,Burnley,9.8
Burnley,Liverpool,2025-09-14T13:00:00Z,eu,Nordic Bet,Liverpool,1.31
Burnley,Liverpool,2025-09-14T13:00:00Z,eu,Nordic Bet,Draw,5.7
Burnley,Liverpool,2025-09-14T13:00:00Z,eu,Pinnacle,Burnley,9.52
Burnley,Liverpool,2025-09-14T13:00:00Z,eu,Pinnacle,Liverpool,1.32
Burnley,Liverpool,2025-09-14T13:00:00Z,eu,Pinnacle,Draw,5.77
Burnley,Liverpool,2025-09-14T13:00:00Z,eu,Betfair,Burnley,10.0
Burnley,Liverpool,2025-09-14T13:00:00Z,eu,Betfair,Liverpool,1.36
Burnley,Liverpool,2025-09-14T13:00:00Z,eu,Betfair,Draw,5.9
Burnley,Liverpool,2025-09-14T13:00:00Z,eu,Betfair,Burnley,10.5
Burnley,Liverpool,2025-09-14T13:00:00Z,eu,Betfair,Liverpool,1.37
Burnley,Liverpool,2025-09-14T13:00:00Z,eu,Betfair,Draw,6.0
Burnley,Liverpool,2025-09-14T13:00:00Z,eu,Unibet (NL),Burnley,10.0
Burnley,Liverpool,2025-09-14T13:00:00Z,eu,Unibet (NL),Liverpool,1.36
Burnley,Liverpool,2025-09-14T13:00:00Z,eu,Unibet (NL),Draw,5.4
Burnley,Liverpool,2025-09-14T13:00:00Z,eu,Unibet (IT),Burnley,9.5
Burnley,Liverpool,2025-09-14T13:00:00Z,eu,Unibet (IT),Liverpool,1.32
Burnley,Liverpool,2025-09-14T13:00:00Z,eu,Unibet (IT),Draw,5.2
Burnley,Liverpool,2025-09-14T13:00:00Z,eu,Unibet (FR),Burnley,8.75
Burnley,Liverpool,2025-09-14T13:00:00Z,eu,Unibet (FR),Liverpool,1.29
Burnley,Liverpool,2025-09-14T13:00:00Z,eu,Unibet (FR),Draw,5.55
Burnley,Liverpool,2025-09-14T13:00:00Z,eu,Coolbet,Burnley,9.5
Burnley,Liverpool,2025-09-14T13:00:00Z,eu,Coolbet,Liverpool,1.35
Burnley,Liverpool,2025-09-14T13:00:00Z,eu,Coolbet,Draw,5.75
Burnley,Liverpool,2025-09-14T13:00:00Z,eu,BetOnline.ag,Burnley,9.57
Burnley,Liverpool,2025-09-14T13:00:00Z,eu,BetOnline.ag,Liverpool,1.32
Burnley,Liverpool,2025-09-14T13:00:00Z,eu,BetOnline.ag,Draw,5.82
Burnley,Liverpool,2025-09-14T13:00:00Z,eu,Everygame,Burnley,9.0
Burnley,Liverpool,2025-09-14T13:00:00Z,eu,Everygame,Liverpool,1.3
Burnley,Liverpool,2025-09-14T13:00:00Z,eu,Everygame,Draw,5.25
Burnley,Liverpool,2025-09-14T13:00:00Z,eu,GTbets,Burnley,9.08
Burnley,Liverpool,2025-09-14T13:00:00Z,eu,GTbets,Liverpool,1.31
Burnley,Liverpool,2025-09-14T13:00:00Z,eu,GTbets,Draw,5.67
Manchester City,Manchester United,2025-09-14T15:30:00Z,eu,1xBet,Manchester City,1.72
Manchester City,Manchester United,2025-09-14T15:30:00Z,eu,1xBet,Manchester United,4.82
Manchester City,Manchester United,2025-09-14T15:30:00Z,eu,1xBet,Draw,4.21
Manchester City,Manchester United,2025-09-14T15:30:00Z,eu,888sport,Manchester City,1.67
Manchester City,Manchester United,2025-09-14T15:30:00Z,eu,888sport,Manchester United,4.5
Manchester City,Manchester United,2025-09-14T15:30:00Z,eu,888sport,Draw,4.0
Manchester City,Manchester United,2025-09-14T15:30:00Z,eu,William Hill,Manchester City,1.67
Manchester City,Manchester United,2025-09-14T15:30:00Z,eu,William Hill,Manchester United,4.5
Manchester City,Manchester United,2025-09-14T15:30:00Z,eu,William Hill,Draw,4.0
Manchester City,Manchester United,2025-09-14T15:30:00Z,eu,Betsson,Manchester City,1.7
Manchester City,Manchester United,2025-09-14T15:30:00Z,eu,Betsson,Manchester United,4.6
Manchester City,Manchester United,2025-09-14T15:30:00Z,eu,Betsson,Draw,4.25
Manchester City,Manchester United,2025-09-14T15:30:00Z,eu,Nordic Bet,Manchester City,1.7
Manchester City,Manchester United,2025-09-14T15:30:00Z,eu,Nordic Bet,Manchester United,4.6
Manchester City,Manchester United,2025-09-14T15:30:00Z,eu,Nordic Bet,Draw,4.25
Manchester City,Manchester United,2025-09-14T15:30:00Z,eu,Marathon Bet,Manchester City,1.7
Manchester City,Manchester United,2025-09-14T15:30:00Z,eu,Marathon Bet,Manchester United,4.75
Manchester City,Manchester United,2025-09-14T15:30:00Z,eu,Marathon Bet,Draw,4.15
Manchester City,Manchester United,2025-09-14T15:30:00Z,eu,Pinnacle,Manchester City,1.7
Manchester City,Manchester United,2025-09-14T15:30:00Z,eu,Pinnacle,Manchester United,4.78
Manchester City,Manchester United,2025-09-14T15:30:00Z,eu,Pinnacle,Draw,4.19
Manchester City,Manchester United,2025-09-14T15:30:00Z,eu,Parions Sport (FR),Manchester City,1.62
Manchester City,Manchester United,2025-09-14T15:30:00Z,eu,Parions Sport (FR),Manchester United,4.45
Manchester City,Manchester United,2025-09-14T15:30:00Z,eu,Parions Sport (FR),Draw,4.05
Manchester City,Manchester United,2025-09-14T15:30:00Z,eu,MyBookie.ag,Manchester City,1.67
Manchester City,Manchester United,2025-09-14T15:30:00Z,eu,MyBookie.ag,Manchester United,4.5
Manchester City,Manchester United,2025-09-14T15:30:00Z,eu,MyBookie.ag,Draw,3.85
Manchester City,Manchester United,2025-09-14T15:30:00Z,eu,Winamax (FR),Manchester City,1.64
Manchester City,Manchester United,2025-09-14T15:30:00Z,eu,Winamax (FR),Manchester United,4.5
Manchester City,Manchester United,2025-09-14T15:30:00Z,eu,Winamax (FR),Draw,4.1
Manchester City,Manchester United,2025-09-14T15:30:00Z,eu,Winamax (DE),Manchester City,1.66
Manchester City,Manchester United,2025-09-14T15:30:00Z,eu,Winamax (DE),Manchester United,4.6
Manchester City,Manchester United,2025-09-14T15:30:00Z,eu,Winamax (DE),Draw,4.1
Manchester City,Manchester United,2025-09-14T15:30:00Z,eu,Tipico,Manchester City,1.67
Manchester City,Manchester United,2025-09-14T15:30:00Z,eu,Tipico,Manchester United,4.7
Manchester City,Manchester United,2025-09-14T15:30:00Z,eu,Tipico,Draw,4.2
Manchester City,Manchester United,2025-09-14T15:30:00Z,eu,Unibet (NL),Manchester City,1.73
Manchester City,Manchester United,2025-09-14T15:30:00Z,eu,Unibet (NL),Manchester United,4.9
Manchester City,Manchester United,2025-09-14T15:30:00Z,eu,Unibet (NL),Draw,4.2
Manchester City,Manchester United,2025-09-14T15:30:00Z,eu,Unibet (IT),Manchester City,1.68
Manchester City,Manchester United,2025-09-14T15:30:00Z,eu,Unibet (IT),Manchester United,4.7
Manchester City,Manchester United,2025-09-14T15:30:00Z,eu,Unibet (IT),Draw,4.0
Manchester City,Manchester United,2025-09-14T15:30:00Z,eu,Betfair,Manchester City,1.77
Manchester City,Manchester United,2025-09-14T15:30:00Z,eu,Betfair,Manchester United,4.8
Manchester City,Manchester United,2025-09-14T15:30:00Z,eu,Betfair,Draw,4.3
Manchester City,Manchester United,2025-09-14T15:30:00Z,eu,Betfair,Manchester City,1.79
Manchester City,Manchester United,2025-09-14T15:30:00Z,eu,Betfair,Manchester United,4.9
Manchester City,Manchester United,2025-09-14T15:30:00Z,eu,Betfair,Draw,4.4
Manchester City,Manchester United,2025-09-14T15:30:00Z,eu,Unibet (FR),Manchester City,1.66
Manchester City,Manchester United,2025-09-14T15:30:00Z,eu,Unibet (FR),Manchester United,4.5
Manchester City,Manchester United,2025-09-14T15:30:00Z,eu,Unibet (FR),Draw,4.1
Manchester City,Manchester United,2025-09-14T15:30:00Z,eu,Coolbet,Manchester City,1.74
Manchester City,Manchester United,2025-09-14T15:30:00Z,eu,Coolbet,Manchester United,4.75
Manchester City,Manchester United,2025-09-14T15:30:00Z,eu,Coolbet,Draw,4.25
Manchester City,Manchester United,2025-09-14T15:30:00Z,eu,BetOnline.ag,Manchester City,1.7
Manchester City,Manchester United,2025-09-14T15:30:00Z,eu,BetOnline.ag,Manchester United,4.8
Manchester City,Manchester United,2025-09-14T15:30:00Z,eu,BetOnline.ag,Draw,4.18
Manchester City,Manchester United,2025-09-14T15:30:00Z,eu,Everygame,Manchester City,1.65
Manchester City,Manchester United,2025-09-14T15:30:00Z,eu,Everygame,Manchester United,4.6
Manchester City,Manchester United,2025-09-14T15:30:00Z,eu,Everygame,Draw,4.0
Manchester City,Manchester United,2025-09-14T15:30:00Z,eu,GTbets,Manchester City,1.68
Manchester City,Manchester United,2025-09-14T15:30:00Z,eu,GTbets,Manchester United,4.72
Manchester City,Manchester United,2025-09-14T15:30:00Z,eu,GTbets,Draw,4.12
Liverpool,Everton,2025-09-20T11:30:00Z,eu,Marathon Bet,Everton,7.4
Liverpool,Everton,2025-09-20T11:30:00Z,eu,Marathon Bet,Liverpool,1.42
Liverpool,Everton,2025-09-20T11:30:00Z,eu,Marathon Bet,Draw,5.0
Liverpool,Everton,2025-09-20T11:30:00Z,eu,Unibet (FR),Everton,6.5
Liverpool,Everton,2025-09-20T11:30:00Z,eu,Unibet (FR),Liverpool,1.36
Liverpool,Everton,2025-09-20T11:30:00Z,eu,Unibet (FR),Draw,4.7
Liverpool,Everton,2025-09-20T11:30:00Z,eu,Parions Sport (FR),Everton,5.9
Liverpool,Everton,2025-09-20T11:30:00Z,eu,Parions Sport (FR),Liverpool,1.35
Liverpool,Everton,2025-09-20T11:30:00Z,eu,Parions Sport (FR),Draw,4.3
Liverpool,Everton,2025-09-20T11:30:00Z,eu,Tipico,Everton,6.8
Liverpool,Everton,2025-09-20T11:30:00Z,eu,Tipico,Liverpool,1.4
Liverpool,Everton,2025-09-20T11:30:00Z,eu,Tipico,Draw,5.0
Liverpool,Everton,2025-09-20T11:30:00Z,eu,1xBet,Everton,7.49
Liverpool,Everton,2025-09-20T11:30:00Z,eu,1xBet,Liverpool,1.44
Liverpool,Everton,2025-09-20T11:30:00Z,eu,1xBet,Draw,5.06
Liverpool,Everton,2025-09-20T11:30:00Z,eu,MyBookie.ag,Everton,6.6
Liverpool,Everton,2025-09-20T11:30:00Z,eu,MyBookie.ag,Liverpool,1.39
Liverpool,Everton,2025-09-20T11:30:00Z,eu,MyBookie.ag,Draw,4.7
Liverpool,Everton,2025-09-20T11:30:00Z,eu,888sport,Everton,7.0
Liverpool,Everton,2025-09-20T11:30:00Z,eu,888sport,Liverpool,1.4
Liverpool,Everton,2025-09-20T11:30:00Z,eu,888sport,Draw,4.6
Liverpool,Everton,2025-09-20T11:30:00Z,eu,William Hill,Everton,7.0
Liverpool,Everton,2025-09-20T11:30:00Z,eu,William Hill,Liverpool,1.4
Liverpool,Everton,2025-09-20T11:30:00Z,eu,William Hill,Draw,4.6
Liverpool,Everton,2025-09-20T11:30:00Z,eu,Pinnacle,Everton,7.36
Liverpool,Everton,2025-09-20T11:30:00Z,eu,Pinnacle,Liverpool,1.4
Liverpool,Everton,2025-09-20T11:30:00Z,eu,Pinnacle,Draw,4.8
Liverpool,Everton,2025-09-20T11:30:00Z,eu,Betsson,Everton,7.6
Liverpool,Everton,2025-09-20T11:30:00Z,eu,Betsson,Liverpool,1.41
Liverpool,Everton,2025-09-20T11:30:00Z,eu,Betsson,Draw,5.0
Liverpool,Everton,2025-09-20T11:30:00Z,eu,Nordic Bet,Everton,7.6
Liverpool,Everton,2025-09-20T11:30:00Z,eu,Nordic Bet,Liverpool,1.41
Liverpool,Everton,2025-09-20T11:30:00Z,eu,Nordic Bet,Draw,5.0
Liverpool,Everton,2025-09-20T11:30:00Z,eu,Unibet (IT),Everton,7.0
Liverpool,Everton,2025-09-20T11:30:00Z,eu,Unibet (IT),Liverpool,1.43
Liverpool,Everton,2025-09-20T11:30:00Z,eu,Unibet (IT),Draw,4.8
Liverpool,Everton,2025-09-20T11:30:00Z,eu,Unibet (NL),Everton,7.0
Liverpool,Everton,2025-09-20T11:30:00Z,eu,Unibet (NL),Liverpool,1.45
Liverpool,Everton,2025-09-20T11:30:00Z,eu,Unibet (NL),Draw,4.9
Liverpool,Everton,2025-09-20T11:30:00Z,eu,Betfair,Everton,8.2
Liverpool,Everton,2025-09-20T11:30:00Z,eu,Betfair,Liverpool,1.44
Liverpool,Everton,2025-09-20T11:30:00Z,eu,Betfair,Draw,4.8
Liverpool,Everton,2025-09-20T11:30:00Z,eu,Betfair,Everton,9.4
Liverpool,Everton,2025-09-20T11:30:00Z,eu,Betfair,Liverpool,1.46
Liverpool,Everton,2025-09-20T11:30:00Z,eu,Betfair,Draw,5.3
Brighton and Hove Albion,Tottenham Hotspur,2025-09-20T14:00:00Z,eu,Parions Sport (FR),Brighton and Hove Albion,1.92
Brighton and Hove Albion,Tottenham Hotspur,2025-09-20T14:00:00Z,eu,Parions Sport (FR),Tottenham Hotspur,3.05
Brighton and Hove Albion,Tottenham Hotspur,2025-09-20T14:00:00Z,eu,Parions Sport (FR),Draw,3.4
Brighton and Hove Albion,Tottenham Hotspur,2025-09-20T14:00:00Z,eu,Tipico,Brighton and Hove Albion,2.05
Brighton and Hove Albion,Tottenham Hotspur,2025-09-20T14:00:00Z,eu,Tipico,Tottenham Hotspur,3.4
Brighton and Hove Albion,Tottenham Hotspur,2025-09-20T14:00:00Z,eu,Tipico,Draw,3.6
Brighton and Hove Albion,Tottenham Hotspur,2025-09-20T14:00:00Z,eu,Winamax (DE),Brighton and Hove Albion,2.0
Brighton and Hove Albion,Tottenham Hotspur,2025-09-20T14:00:00Z,eu,Winamax (DE),Tottenham Hotspur,3.25
Brighton and Hove Albion,Tottenham Hotspur,2025-09-20T14:00:00Z,eu,Winamax (DE),Draw,3.75
Brighton and Hove Albion,Tottenham Hotspur,2025-09-20T14:00:00Z,eu,1xBet,Brighton and Hove Albion,2.14
Brighton and Hove Albion,Tottenham Hotspur,2025-09-20T14:00:00Z,eu,1xBet,Tottenham Hotspur,3.4
Brighton and Hove Albion,Tottenham Hotspur,2025-09-20T14:00:00Z,eu,1xBet,Draw,3.79
Brighton and Hove Albion,Tottenham Hotspur,2025-09-20T14:00:00Z,eu,Marathon Bet,Brighton and Hove Albion,2.11
Brighton and Hove Albion,Tottenham Hotspur,2025-09-20T14:00:00Z,eu,Marathon Bet,Tottenham Hotspur,3.35
Brighton and Hove Albion,Tottenham Hotspur,2025-09-20T14:00:00Z,eu,Marathon Bet,Draw,3.74
Brighton and Hove Albion,Tottenham Hotspur,2025-09-20T14:00:00Z,eu,Winamax (FR),Brighton and Hove Albion,1.88
Brighton and Hove Albion,Tottenham Hotspur,2025-09-20T14:00:00Z,eu,Winamax (FR),Tottenham Hotspur,2.95
Brighton and Hove Albion,Tottenham Hotspur,2025-09-20T14:00:00Z,eu,Winamax (FR),Draw,3.4
Brighton and Hove Albion,Tottenham Hotspur,2025-09-20T14:00:00Z,eu,MyBookie.ag,Brighton and Hove Albion,2.01
Brighton and Hove Albion,Tottenham Hotspur,2025-09-20T14:00:00Z,eu,MyBookie.ag,Tottenham Hotspur,3.26
Brighton and Hove Albion,Tottenham Hotspur,2025-09-20T14:00:00Z,eu,MyBookie.ag,Draw,3.65
Brighton and Hove Albion,Tottenham Hotspur,2025-09-20T14:00:00Z,eu,888sport,Brighton and Hove Albion,2.05
Brighton and Hove Albion,Tottenham Hotspur,2025-09-20T14:00:00Z,eu,888sport,Tottenham Hotspur,3.3
Brighton and Hove Albion,Tottenham Hotspur,2025-09-20T14:00:00Z,eu,888sport,Draw,3.5
Brighton and Hove Albion,Tottenham Hotspur,2025-09-20T14:00:00Z,eu,William Hill,Brighton and Hove Albion,2.05
Brighton and Hove Albion,Tottenham Hotspur,2025-09-20T14:00:00Z,eu,William Hill,Tottenham Hotspur,3.3
Brighton and Hove Albion,Tottenham Hotspur,2025-09-20T14:00:00Z,eu,William Hill,Draw,3.5
Brighton and Hove Albion,Tottenham Hotspur,2025-09-20T14:00:00Z,eu,Unibet (FR),Brighton and Hove Albion,1.94
Brighton and Hove Albion,Tottenham Hotspur,2025-09-20T14:00:00Z,eu,Unibet (FR),Tottenham Hotspur,3.25
Brighton and Hove Albion,Tottenham Hotspur,2025-09-20T14:00:00Z,eu,Unibet (FR),Draw,3.62
Brighton and Hove Albion,Tottenham Hotspur,2025-09-20T14:00:00Z,eu,Pinnacle,Brighton and Hove Albion,2.08
Brighton and Hove Albion,Tottenham Hotspur,2025-09-20T14:00:00Z,eu,Pinnacle,Tottenham Hotspur,3.34
Brighton and Hove Albion,Tottenham Hotspur,2025-09-20T14:00:00Z,eu,Pinnacle,Draw,3.7
Brighton and Hove Albion,Tottenham Hotspur,2025-09-20T14:00:00Z,eu,Nordic Bet,Brighton and Hove Albion,2.1
Brighton and Hove Albion,Tottenham Hotspur,2025-09-20T14:00:00Z,eu,Nordic Bet,Tottenham Hotspur,3.3
Brighton and Hove Albion,Tottenham Hotspur,2025-09-20T14:00:00Z,eu,Nordic Bet,Draw,3.8
Brighton and Hove Albion,Tottenham Hotspur,2025-09-20T14:00:00Z,eu,Betsson,Brighton and Hove Albion,2.1
Brighton and Hove Albion,Tottenham Hotspur,2025-09-20T14:00:00Z,eu,Betsson,Tottenham Hotspur,3.3
Brighton and Hove Albion,Tottenham Hotspur,2025-09-20T14:00:00Z,eu,Betsson,Draw,3.8
Brighton and Hove Albion,Tottenham Hotspur,2025-09-20T14:00:00Z,eu,Unibet (IT),Brighton and Hove Albion,2.06
Brighton and Hove Albion,Tottenham Hotspur,2025-09-20T14:00:00Z,eu,Unibet (IT),Tottenham Hotspur,3.25
Brighton and Hove Albion,Tottenham Hotspur,2025-09-20T14:00:00Z,eu,Unibet (IT),Draw,3.85
Brighton and Hove Albion,Tottenham Hotspur,2025-09-20T14:00:00Z,eu,Unibet (NL),Brighton and Hove Albion,2.12
Brighton and Hove Albion,Tottenham Hotspur,2025-09-20T14:00:00Z,eu,Unibet (NL),Tottenham Hotspur,3.35
Brighton and Hove Albion,Tottenham Hotspur,2025-09-20T14:00:00Z,eu,Unibet (NL),Draw,3.95
Brighton and Hove Albion,Tottenham Hotspur,2025-09-20T14:00:00Z,eu,Betfair,Brighton and Hove Albion,2.18
Brighton and Hove Albion,Tottenham Hotspur,2025-09-20T14:00:00Z,eu,Betfair,Tottenham Hotspur,3.2
Brighton and Hove Albion,Tottenham Hotspur,2025-09-20T14:00:00Z,eu,Betfair,Draw,3.6
Brighton and Hove Albion,Tottenham Hotspur,2025-09-20T14:00:00Z,eu,Betfair,Brighton and Hove Albion,2.3
Brighton and Hove Albion,Tottenham Hotspur,2025-09-20T14:00:00Z,eu,Betfair,Tottenham Hotspur,3.5
Brighton and Hove Albion,Tottenham Hotspur,2025-09-20T14:00:00Z,eu,Betfair,Draw,3.95
Burnley,Nottingham Forest,2025-09-20T14:00:00Z,eu,Parions Sport (FR),Burnley,3.15
Burnley,Nottingham Forest,2025-09-20T14:00:00Z,eu,Parions Sport (FR),Nottingham Forest,1.97
Burnley,Nottingham Forest,2025-09-20T14:00:00Z,eu,Parions Sport (FR),Draw,3.15
Burnley,Nottingham Forest,2025-09-20T14:00:00Z,eu,Tipico,Burnley,3.5
Burnley,Nottingham Forest,2025-09-20T14:00:00Z,eu,Tipico,Nottingham Forest,2.05
Burnley,Nottingham Forest,2025-09-20T14:00:00Z,eu,Tipico,Draw,3.5
Burnley,Nottingham Forest,2025-09-20T14:00:00Z,eu,Winamax (FR),Burnley,3.1
Burnley,Nottingham Forest,2025-09-20T14:00:00Z,eu,Winamax (FR),Nottingham Forest,1.92
Burnley,Nottingham Forest,2025-09-20T14:00:00Z,eu,Winamax (FR),Draw,3.15
Burnley,Nottingham Forest,2025-09-20T14:00:00Z,eu,Winamax (DE),Burnley,3.4
Burnley,Nottingham Forest,2025-09-20T14:00:00Z,eu,Winamax (DE),Nottingham Forest,2.05
Burnley,Nottingham Forest,2025-09-20T14:00:00Z,eu,Winamax (DE),Draw,3.45
Burnley,Nottingham Forest,2025-09-20T14:00:00Z,eu,1xBet,Burnley,3.5
Burnley,Nottingham Forest,2025-09-20T14:00:00Z,eu,1xBet,Nottingham Forest,2.18
Burnley,Nottingham Forest,2025-09-20T14:00:00Z,eu,1xBet,Draw,3.55
Burnley,Nottingham Forest,2025-09-20T14:00:00Z,eu,MyBookie.ag,Burnley,3.38
Burnley,Nottingham Forest,2025-09-20T14:00:00Z,eu,MyBookie.ag,Nottingham Forest,2.06
Burnley,Nottingham Forest,2025-09-20T14:00:00Z,eu,MyBookie.ag,Draw,3.36
Burnley,Nottingham Forest,2025-09-20T14:00:00Z,eu,Marathon Bet,Burnley,3.45
Burnley,Nottingham Forest,2025-09-20T14:00:00Z,eu,Marathon Bet,Nottingham Forest,2.15
Burnley,Nottingham Forest,2025-09-20T14:00:00Z,eu,Marathon Bet,Draw,3.5
Burnley,Nottingham Forest,2025-09-20T14:00:00Z,eu,888sport,Burnley,3.4
Burnley,Nottingham Forest,2025-09-20T14:00:00Z,eu,888sport,Nottingham Forest,2.1
Burnley,Nottingham Forest,2025-09-20T14:00:00Z,eu,888sport,Draw,3.3
Burnley,Nottingham Forest,2025-09-20T14:00:00Z,eu,William Hill,Burnley,3.4
Burnley,Nottingham Forest,2025-09-20T14:00:00Z,eu,William Hill,Nottingham Forest,2.1
Burnley,Nottingham Forest,2025-09-20T14:00:00Z,eu,William Hill,Draw,3.3
Burnley,Nottingham Forest,2025-09-20T14:00:00Z,eu,Unibet (FR),Burnley,3.35
Burnley,Nottingham Forest,2025-09-20T14:00:00Z,eu,Unibet (FR),Nottingham Forest,1.99
Burnley,Nottingham Forest,2025-09-20T14:00:00Z,eu,Unibet (FR),Draw,3.35
Burnley,Nottingham Forest,2025-09-20T14:00:00Z,eu,Pinnacle,Burnley,3.4
Burnley,Nottingham Forest,2025-09-20T14:00:00Z,eu,Pinnacle,Nottingham Forest,2.14
Burnley,Nottingham Forest,2025-09-20T14:00:00Z,eu,Pinnacle,Draw,3.45
Burnley,Nottingham Forest,2025-09-20T14:00:00Z,eu,Betsson,Burnley,3.4
Burnley,Nottingham Forest,2025-09-20T14:00:00Z,eu,Betsson,Nottingham Forest,2.15
Burnley,Nottingham Forest,2025-09-20T14:00:00Z,eu,Betsson,Draw,3.5
Burnley,Nottingham Forest,2025-09-20T14:00:00Z,eu,Nordic Bet,Burnley,3.4
Burnley,Nottingham Forest,2025-09-20T14:00:00Z,eu,Nordic Bet,Nottingham Forest,2.15
Burnley,Nottingham Forest,2025-09-20T14:00:00Z,eu,Nordic Bet,Draw,3.5
Burnley,Nottingham Forest,2025-09-20T14:00:00Z,eu,Unibet (IT),Burnley,3.65
Burnley,Nottingham Forest,2025-09-20T14:00:00Z,eu,Unibet (IT),Nottingham Forest,2.02
Burnley,Nottingham Forest,2025-09-20T14:00:00Z,eu,Unibet (IT),Draw,3.55
Burnley,Nottingham Forest,2025-09-20T14:00:00Z,eu,Unibet (NL),Burnley,3.75
Burnley,Nottingham Forest,2025-09-20T14:00:00Z,eu,Unibet (NL),Nottingham Forest,2.07
Burnley,Nottingham Forest,2025-09-20T14:00:00Z,eu,Unibet (NL),Draw,3.65
Burnley,Nottingham Forest,2025-09-20T14:00:00Z,eu,Betfair,Burnley,3.55
Burnley,Nottingham Forest,2025-09-20T14:00:00Z,eu,Betfair,Nottingham Forest,2.12
Burnley,Nottingham Forest,2025-09-20T14:00:00Z,eu,Betfair,Draw,3.4
Burnley,Nottingham Forest,2025-09-20T14:00:00Z,eu,Betfair,Burnley,4.1
Burnley,Nottingham Forest,2025-09-20T14:00:00Z,eu,Betfair,Nottingham Forest,2.34
Burnley,Nottingham Forest,2025-09-20T14:00:00Z,eu,Betfair,Draw,3.95
West Ham United,Crystal Palace,2025-09-20T14:00:00Z,eu,Marathon Bet,Crystal Palace,2.48
West Ham United,Crystal Palace,2025-09-20T14:00:00Z,eu,Marathon Bet,West Ham United,2.88
West Ham United,Crystal Palace,2025-09-20T14:00:00Z,eu,Marathon Bet,Draw,3.45
West Ham United,Crystal Palace,2025-09-20T14:00:00Z,eu,Parions Sport (FR),Crystal Palace,2.3
West Ham United,Crystal Palace,2025-09-20T14:00:00Z,eu,Parions Sport (FR),West Ham United,2.6
West Ham United,Crystal Palace,2025-09-20T14:00:00Z,eu,Parions Sport (FR),Draw,3.15
West Ham United,Crystal Palace,2025-09-20T14:00:00Z,eu,Tipico,Crystal Palace,2.45
West Ham United,Crystal Palace,2025-09-20T14:00:00Z,eu,Tipico,West Ham United,2.85
West Ham United,Crystal Palace,2025-09-20T14:00:00Z,eu,Tipico,Draw,3.3
West Ham United,Crystal Palace,2025-09-20T14:00:00Z,eu,Winamax (FR),Crystal Palace,2.25
West Ham United,Crystal Palace,2025-09-20T14:00:00Z,eu,Winamax (FR),West Ham United,2.55
West Ham United,Crystal Palace,2025-09-20T14:00:00Z,eu,Winamax (FR),Draw,3.1
West Ham United,Crystal Palace,2025-09-20T14:00:00Z,eu,Winamax (DE),Crystal Palace,2.4
West Ham United,Crystal Palace,2025-09-20T14:00:00Z,eu,Winamax (DE),West Ham United,2.75
West Ham United,Crystal Palace,2025-09-20T14:00:00Z,eu,Winamax (DE),Draw,3.4
West Ham United,Crystal Palace,2025-09-20T14:00:00Z,eu,1xBet,Crystal Palace,2.52
West Ham United,Crystal Palace,2025-09-20T14:00:00Z,eu,1xBet,West Ham United,2.92
West Ham United,Crystal Palace,2025-09-20T14:00:00Z,eu,1xBet,Draw,3.5
West Ham United,Crystal Palace,2025-09-20T14:00:00Z,eu,888sport,Crystal Palace,2.45
West Ham United,Crystal Palace,2025-09-20T14:00:00Z,eu,888sport,West Ham United,2.8
West Ham United,Crystal Palace,2025-09-20T14:00:00Z,eu,888sport,Draw,3.3
West Ham United,Crystal Palace,2025-09-20T14:00:00Z,eu,MyBookie.ag,Crystal Palace,2.25
West Ham United,Crystal Palace,2025-09-20T14:00:00Z,eu,MyBookie.ag,West Ham United,2.86
West Ham United,Crystal Palace,2025-09-20T14:00:00Z,eu,MyBookie.ag,Draw,3.48
West Ham United,Crystal Palace,2025-09-20T14:00:00Z,eu,William Hill,Crystal Palace,2.45
West Ham United,Crystal Palace,2025-09-20T14:00:00Z,eu,William Hill,West Ham United,2.8
West Ham United,Crystal Palace,2025-09-20T14:00:00Z,eu,William Hill,Draw,3.3
West Ham United,Crystal Palace,2025-09-20T14:00:00Z,eu,Unibet (FR),Crystal Palace,2.32
West Ham United,Crystal Palace,2025-09-20T14:00:00Z,eu,Unibet (FR),West Ham United,2.75
West Ham United,Crystal Palace,2025-09-20T14:00:00Z,eu,Unibet (FR),Draw,3.3
West Ham United,Crystal Palace,2025-09-20T14:00:00Z,eu,Pinnacle,Crystal Palace,2.47
West Ham United,Crystal Palace,2025-09-20T14:00:00Z,eu,Pinnacle,West Ham United,2.85
West Ham United,Crystal Palace,2025-09-20T14:00:00Z,eu,Pinnacle,Draw,3.4
West Ham United,Crystal Palace,2025-09-20T14:00:00Z,eu,Nordic Bet,Crystal Palace,2.45
West Ham United,Crystal Palace,2025-09-20T14:00:00Z,eu,Nordic Bet,West Ham United,2.9
West Ham United,Crystal Palace,2025-09-20T14:00:00Z,eu,Nordic Bet,Draw,3.45
West Ham United,Crystal Palace,2025-09-20T14:00:00Z,eu,Betsson,Crystal Palace,2.45
West Ham United,Crystal Palace,2025-09-20T14:00:00Z,eu,Betsson,West Ham United,2.9
West Ham United,Crystal Palace,2025-09-20T14:00:00Z,eu,Betsson,Draw,3.45
West Ham United,Crystal Palace,2025-09-20T14:00:00Z,eu,Unibet (IT),Crystal Palace,2.48
West Ham United,Crystal Palace,2025-09-20T14:00:00Z,eu,Unibet (IT),West Ham United,2.8
West Ham United,Crystal Palace,2025-09-20T14:00:00Z,eu,Unibet (IT),Draw,3.45
West Ham United,Crystal Palace,2025-09-20T14:00:00Z,eu,Unibet (NL),Crystal Palace,2.55
West Ham United,Crystal Palace,2025-09-20T14:00:00Z,eu,Unibet (NL),West Ham United,2.9
West Ham United,Crystal Palace,2025-09-20T14:00:00Z,eu,Unibet (NL),Draw,3.5
West Ham United,Crystal Palace,2025-09-20T14:00:00Z,eu,Betfair,Crystal Palace,2.48
West Ham United,Crystal Palace,2025-09-20T14:00:00Z,eu,Betfair,West Ham United,3.0
West Ham United,Crystal Palace,2025-09-20T14:00:00Z,eu,Betfair,Draw,3.3
West Ham United,Crystal Palace,2025-09-20T14:00:00Z,eu,Betfair,Crystal Palace,2.66
West Ham United,Crystal Palace,2025-09-20T14:00:00Z,eu,Betfair,West Ham United,3.2
West Ham United,Crystal Palace,2025-09-20T14:00:00Z,eu,Betfair,Draw,3.55
Wolverhampton Wanderers,Leeds United,2025-09-20T14:00:00Z,eu,Marathon Bet,Leeds United,2.97
Wolverhampton Wanderers,Leeds United,2025-09-20T14:00:00Z,eu,Marathon Bet,Wolverhampton Wanderers,2.48
Wolverhampton Wanderers,Leeds United,2025-09-20T14:00:00Z,eu,Marathon Bet,Draw,3.34
Wolverhampton Wanderers,Leeds United,2025-09-20T14:00:00Z,eu,Parions Sport (FR),Leeds United,2.7
Wolverhampton Wanderers,Leeds United,2025-09-20T14:00:00Z,eu,Parions Sport (FR),Wolverhampton Wanderers,2.25
Wolverhampton Wanderers,Leeds United,2025-09-20T14:00:00Z,eu,Parions Sport (FR),Draw,3.05
Wolverhampton Wanderers,Leeds United,2025-09-20T14:00:00Z,eu,Tipico,Leeds United,3.1
Wolverhampton Wanderers,Leeds United,2025-09-20T14:00:00Z,eu,Tipico,Wolverhampton Wanderers,2.35
Wolverhampton Wanderers,Leeds United,2025-09-20T14:00:00Z,eu,Tipico,Draw,3.2
Wolverhampton Wanderers,Leeds United,2025-09-20T14:00:00Z,eu,Winamax (DE),Leeds United,2.85
Wolverhampton Wanderers,Leeds United,2025-09-20T14:00:00Z,eu,Winamax (DE),Wolverhampton Wanderers,2.35
Wolverhampton Wanderers,Leeds United,2025-09-20T14:00:00Z,eu,Winamax (DE),Draw,3.3
Wolverhampton Wanderers,Leeds United,2025-09-20T14:00:00Z,eu,1xBet,Leeds United,3.01
Wolverhampton Wanderers,Leeds United,2025-09-20T14:00:00Z,eu,1xBet,Wolverhampton Wanderers,2.51
Wolverhampton Wanderers,Leeds United,2025-09-20T14:00:00Z,eu,1xBet,Draw,3.38
Wolverhampton Wanderers,Leeds United,2025-09-20T14:00:00Z,eu,Winamax (FR),Leeds United,2.65
Wolverhampton Wanderers,Leeds United,2025-09-20T14:00:00Z,eu,Winamax (FR),Wolverhampton Wanderers,2.2
Wolverhampton Wanderers,Leeds United,2025-09-20T14:00:00Z,eu,Winamax (FR),Draw,3.0
Wolverhampton Wanderers,Leeds United,2025-09-20T14:00:00Z,eu,MyBookie.ag,Leeds United,2.68
Wolverhampton Wanderers,Leeds United,2025-09-20T14:00:00Z,eu,MyBookie.ag,Wolverhampton Wanderers,2.45
Wolverhampton Wanderers,Leeds United,2025-09-20T14:00:00Z,eu,MyBookie.ag,Draw,3.35
Wolverhampton Wanderers,Leeds United,2025-09-20T14:00:00Z,eu,888sport,Leeds United,2.9
Wolverhampton Wanderers,Leeds United,2025-09-20T14:00:00Z,eu,888sport,Wolverhampton Wanderers,2.45
Wolverhampton Wanderers,Leeds United,2025-09-20T14:00:00Z,eu,888sport,Draw,3.2
Wolverhampton Wanderers,Leeds United,2025-09-20T14:00:00Z,eu,William Hill,Leeds United,2.9
Wolverhampton Wanderers,Leeds United,2025-09-20T14:00:00Z,eu,William Hill,Wolverhampton Wanderers,2.45
Wolverhampton Wanderers,Leeds United,2025-09-20T14:00:00Z,eu,William Hill,Draw,3.2
Wolverhampton Wanderers,Leeds United,2025-09-20T14:00:00Z,eu,Pinnacle,Leeds United,3.03
Wolverhampton Wanderers,Leeds United,2025-09-20T14:00:00Z,eu,Pinnacle,Wolverhampton Wanderers,2.44
Wolverhampton Wanderers,Leeds United,2025-09-20T14:00:00Z,eu,Pinnacle,Draw,3.23
Wolverhampton Wanderers,Leeds United,2025-09-20T14:00:00Z,eu,Unibet (IT),Leeds United,2.95
Wolverhampton Wanderers,Leeds United,2025-09-20T14:00:00Z,eu,Unibet (IT),Wolverhampton Wanderers,2.4
Wolverhampton Wanderers,Leeds United,2025-09-20T14:00:00Z,eu,Unibet (IT),Draw,3.4
Wolverhampton Wanderers,Leeds United,2025-09-20T14:00:00Z,eu,Unibet (NL),Leeds United,3.0
Wolverhampton Wanderers,Leeds United,2025-09-20T14:00:00Z,eu,Unibet (NL),Wolverhampton Wanderers,2.45
Wolverhampton Wanderers,Leeds United,2025-09-20T14:00:00Z,eu,Unibet (NL),Draw,3.45
Wolverhampton Wanderers,Leeds United,2025-09-20T14:00:00Z,eu,Betfair,Leeds United,3.1
Wolverhampton Wanderers,Leeds United,2025-09-20T14:00:00Z,eu,Betfair,Wolverhampton Wanderers,2.52
Wolverhampton Wanderers,Leeds United,2025-09-20T14:00:00Z,eu,Betfair,Draw,3.15
Wolverhampton Wanderers,Leeds United,2025-09-20T14:00:00Z,eu,Betfair,Leeds United,3.35
Wolverhampton Wanderers,Leeds United,2025-09-20T14:00:00Z,eu,Betfair,Wolverhampton Wanderers,2.62
Wolverhampton Wanderers,Leeds United,2025-09-20T14:00:00Z,eu,Betfair,Draw,3.45
Wolverhampton Wanderers,Leeds United,2025-09-20T14:00:00Z,eu,Unibet (FR),Leeds United,2.85
Wolverhampton Wanderers,Leeds United,2025-09-20T14:00:00Z,eu,Unibet (FR),Wolverhampton Wanderers,2.28
Wolverhampton Wanderers,Leeds United,2025-09-20T14:00:00Z,eu,Unibet (FR),Draw,3.2
Wolverhampton Wanderers,Leeds United,2025-09-20T14:00:00Z,eu,Nordic Bet,Leeds United,2.95
Wolverhampton Wanderers,Leeds United,2025-09-20T14:00:00Z,eu,Nordic Bet,Wolverhampton Wanderers,2.48
Wolverhampton Wanderers,Leeds United,2025-09-20T14:00:00Z,eu,Nordic Bet,Draw,3.35
Wolverhampton Wanderers,Leeds United,2025-09-20T14:00:00Z,eu,Betsson,Leeds United,2.95
Wolverhampton Wanderers,Leeds United,2025-09-20T14:00:00Z,eu,Betsson,Wolverhampton Wanderers,2.48
Wolverhampton Wanderers,Leeds United,2025-09-20T14:00:00Z,eu,Betsson,Draw,3.35
Manchester United,Chelsea,2025-09-20T16:30:00Z,eu,Marathon Bet,Chelsea,2.42
Manchester United,Chelsea,2025-09-20T16:30:00Z,eu,Marathon Bet,Manchester United,2.83
Manchester United,Chelsea,2025-09-20T16:30:00Z,eu,Marathon Bet,Draw,3.65
Manchester United,Chelsea,2025-09-20T16:30:00Z,eu,Parions Sport (FR),Chelsea,2.25
Manchester United,Chelsea,2025-09-20T16:30:00Z,eu,Parions Sport (FR),Manchester United,2.55
Manchester United,Chelsea,2025-09-20T16:30:00Z,eu,Parions Sport (FR),Draw,3.3
Manchester United,Chelsea,2025-09-20T16:30:00Z,eu,Tipico,Chelsea,2.35
Manchester United,Chelsea,2025-09-20T16:30:00Z,eu,Tipico,Manchester United,2.8
Manchester United,Chelsea,2025-09-20T16:30:00Z,eu,Tipico,Draw,3.6
Manchester United,Chelsea,2025-09-20T16:30:00Z,eu,Winamax (FR),Chelsea,2.15
Manchester United,Chelsea,2025-09-20T16:30:00Z,eu,Winamax (FR),Manchester United,2.5
Manchester United,Chelsea,2025-09-20T16:30:00Z,eu,Winamax (FR),Draw,3.3
Manchester United,Chelsea,2025-09-20T16:30:00Z,eu,Winamax (DE),Chelsea,2.35
Manchester United,Chelsea,2025-09-20T16:30:00Z,eu,Winamax (DE),Manchester United,2.7
Manchester United,Chelsea,2025-09-20T16:30:00Z,eu,Winamax (DE),Draw,3.65
Manchester United,Chelsea,2025-09-20T16:30:00Z,eu,1xBet,Chelsea,2.46
Manchester United,Chelsea,2025-09-20T16:30:00Z,eu,1xBet,Manchester United,2.87
Manchester United,Chelsea,2025-09-20T16:30:00Z,eu,1xBet,Draw,3.7
Manchester United,Chelsea,2025-09-20T16:30:00Z,eu,888sport,Chelsea,2.38
Manchester United,Chelsea,2025-09-20T16:30:00Z,eu,888sport,Manchester United,2.8
Manchester United,Chelsea,2025-09-20T16:30:00Z,eu,888sport,Draw,3.5
Manchester United,Chelsea,2025-09-20T16:30:00Z,eu,MyBookie.ag,Chelsea,2.41
Manchester United,Chelsea,2025-09-20T16:30:00Z,eu,MyBookie.ag,Manchester United,2.52
Manchester United,Chelsea,2025-09-20T16:30:00Z,eu,MyBookie.ag,Draw,3.72
Manchester United,Chelsea,2025-09-20T16:30:00Z,eu,William Hill,Chelsea,2.38
Manchester United,Chelsea,2025-09-20T16:30:00Z,eu,William Hill,Manchester United,2.8
Manchester United,Chelsea,2025-09-20T16:30:00Z,eu,William Hill,Draw,3.5
Manchester United,Chelsea,2025-09-20T16:30:00Z,eu,Pinnacle,Chelsea,2.47
Manchester United,Chelsea,2025-09-20T16:30:00Z,eu,Pinnacle,Manchester United,2.72
Manchester United,Chelsea,2025-09-20T16:30:00Z,eu,Pinnacle,Draw,3.6
Manchester United,Chelsea,2025-09-20T16:30:00Z,eu,Betsson,Chelsea,2.45
Manchester United,Chelsea,2025-09-20T16:30:00Z,eu,Betsson,Manchester United,2.75
Manchester United,Chelsea,2025-09-20T16:30:00Z,eu,Betsson,Draw,3.65
Manchester United,Chelsea,2025-09-20T16:30:00Z,eu,Nordic Bet,Chelsea,2.45
Manchester United,Chelsea,2025-09-20T16:30:00Z,eu,Nordic Bet,Manchester United,2.75
Manchester United,Chelsea,2025-09-20T16:30:00Z,eu,Nordic Bet,Draw,3.65
Manchester United,Chelsea,2025-09-20T16:30:00Z,eu,Unibet (IT),Chelsea,2.4
Manchester United,Chelsea,2025-09-20T16:30:00Z,eu,Unibet (IT),Manchester United,2.65
Manchester United,Chelsea,2025-09-20T16:30:00Z,eu,Unibet (IT),Draw,3.75
Manchester United,Chelsea,2025-09-20T16:30:00Z,eu,Unibet (NL),Chelsea,2.48
Manchester United,Chelsea,2025-09-20T16:30:00Z,eu,Unibet (NL),Manchester United,2.75
Manchester United,Chelsea,2025-09-20T16:30:00Z,eu,Unibet (NL),Draw,3.85
Manchester United,Chelsea,2025-09-20T16:30:00Z,eu,Betfair,Chelsea,2.6
Manchester United,Chelsea,2025-09-20T16:30:00Z,eu,Betfair,Manchester United,2.6
Manchester United,Chelsea,2025-09-20T16:30:00Z,eu,Betfair,Draw,3.55
Manchester United,Chelsea,2025-09-20T16:30:00Z,eu,Betfair,Chelsea,2.98
Manchester United,Chelsea,2025-09-20T16:30:00Z,eu,Betfair,Manchester United,2.86
Manchester United,Chelsea,2025-09-20T16:30:00Z,eu,Betfair,Draw,3.8
Fulham,Brentford,2025-09-20T19:00:00Z,eu,Parions Sport (FR),Brentford,3.25
Fulham,Brentford,2025-09-20T19:00:00Z,eu,Parions Sport (FR),Fulham,1.91
Fulham,Brentford,2025-09-20T19:00:00Z,eu,Parions Sport (FR),Draw,3.25
Fulham,Brentford,2025-09-20T19:00:00Z,eu,Tipico,Brentford,3.4
Fulham,Brentford,2025-09-20T19:00:00Z,eu,Tipico,Fulham,2.05
Fulham,Brentford,2025-09-20T19:00:00Z,eu,Tipico,Draw,3.6
Fulham,Brentford,2025-09-20T19:00:00Z,eu,Winamax (FR),Brentford,3.15
Fulham,Brentford,2025-09-20T19:00:00Z,eu,Winamax (FR),Fulham,1.86
Fulham,Brentford,2025-09-20T19:00:00Z,eu,Winamax (FR),Draw,3.2
Fulham,Brentford,2025-09-20T19:00:00Z,eu,Winamax (DE),Brentford,3.45
Fulham,Brentford,2025-09-20T19:00:00Z,eu,Winamax (DE),Fulham,2.0
Fulham,Brentford,2025-09-20T19:00:00Z,eu,Winamax (DE),Draw,3.55
Fulham,Brentford,2025-09-20T19:00:00Z,eu,1xBet,Brentford,3.56
Fulham,Brentford,2025-09-20T19:00:00Z,eu,1xBet,Fulham,2.09
Fulham,Brentford,2025-09-20T19:00:00Z,eu,1xBet,Draw,3.75
Fulham,Brentford,2025-09-20T19:00:00Z,eu,MyBookie.ag,Brentford,3.44
Fulham,Brentford,2025-09-20T19:00:00Z,eu,MyBookie.ag,Fulham,2.0
Fulham,Brentford,2025-09-20T19:00:00Z,eu,MyBookie.ag,Draw,3.46
Fulham,Brentford,2025-09-20T19:00:00Z,eu,Marathon Bet,Brentford,3.52
Fulham,Brentford,2025-09-20T19:00:00Z,eu,Marathon Bet,Fulham,2.06
Fulham,Brentford,2025-09-20T19:00:00Z,eu,Marathon Bet,Draw,3.7
Fulham,Brentford,2025-09-20T19:00:00Z,eu,888sport,Brentford,3.4
Fulham,Brentford,2025-09-20T19:00:00Z,eu,888sport,Fulham,2.05
Fulham,Brentford,2025-09-20T19:00:00Z,eu,888sport,Draw,3.5
Fulham,Brentford,2025-09-20T19:00:00Z,eu,William Hill,Brentford,3.4
Fulham,Brentford,2025-09-20T19:00:00Z,eu,William Hill,Fulham,2.05
Fulham,Brentford,2025-09-20T19:00:00Z,eu,William Hill,Draw,3.5
Fulham,Brentford,2025-09-20T19:00:00Z,eu,Pinnacle,Brentford,3.63
Fulham,Brentford,2025-09-20T19:00:00Z,eu,Pinnacle,Fulham,2.03
Fulham,Brentford,2025-09-20T19:00:00Z,eu,Pinnacle,Draw,3.54
Fulham,Brentford,2025-09-20T19:00:00Z,eu,Betsson,Brentford,3.5
Fulham,Brentford,2025-09-20T19:00:00Z,eu,Betsson,Fulham,2.08
Fulham,Brentford,2025-09-20T19:00:00Z,eu,Betsson,Draw,3.6
Fulham,Brentford,2025-09-20T19:00:00Z,eu,Nordic Bet,Brentford,3.5
Fulham,Brentford,2025-09-20T19:00:00Z,eu,Nordic Bet,Fulham,2.08
Fulham,Brentford,2025-09-20T19:00:00Z,eu,Nordic Bet,Draw,3.6
Fulham,Brentford,2025-09-20T19:00:00Z,eu,Unibet (IT),Brentford,3.35
Fulham,Brentford,2025-09-20T19:00:00Z,eu,Unibet (IT),Fulham,2.05
Fulham,Brentford,2025-09-20T19:00:00Z,eu,Unibet (IT),Draw,3.75
Fulham,Brentford,2025-09-20T19:00:00Z,eu,Unibet (NL),Brentford,3.45
Fulham,Brentford,2025-09-20T19:00:00Z,eu,Unibet (NL),Fulham,2.1
Fulham,Brentford,2025-09-20T19:00:00Z,eu,Unibet (NL),Draw,3.85
Fulham,Brentford,2025-09-20T19:00:00Z,eu,Betfair,Brentford,3.5
Fulham,Brentford,2025-09-20T19:00:00Z,eu,Betfair,Fulham,2.04
Fulham,Brentford,2025-09-20T19:00:00Z,eu,Betfair,Draw,3.6
Fulham,Brentford,2025-09-20T19:00:00Z,eu,Betfair,Brentford,4.1
Fulham,Brentford,2025-09-20T19:00:00Z,eu,Betfair,Fulham,2.22
Fulham,Brentford,2025-09-20T19:00:00Z,eu,Betfair,Draw,3.8
Sunderland,Aston Villa,2025-09-21T13:00:00Z,eu,Marathon Bet,Aston Villa,1.93
Sunderland,Aston Villa,2025-09-21T13:00:00Z,eu,Marathon Bet,Sunderland,3.9
Sunderland,Aston Villa,2025-09-21T13:00:00Z,eu,Marathon Bet,Draw,3.76
Sunderland,Aston Villa,2025-09-21T13:00:00Z,eu,Parions Sport (FR),Aston Villa,1.81
Sunderland,Aston Villa,2025-09-21T13:00:00Z,eu,Parions Sport (FR),Sunderland,3.5
Sunderland,Aston Villa,2025-09-21T13:00:00Z,eu,Parions Sport (FR),Draw,3.3
Sunderland,Aston Villa,2025-09-21T13:00:00Z,eu,Tipico,Aston Villa,1.9
Sunderland,Aston Villa,2025-09-21T13:00:00Z,eu,Tipico,Sunderland,3.9
Sunderland,Aston Villa,2025-09-21T13:00:00Z,eu,Tipico,Draw,3.6
Sunderland,Aston Villa,2025-09-21T13:00:00Z,eu,Winamax (FR),Aston Villa,1.76
Sunderland,Aston Villa,2025-09-21T13:00:00Z,eu,Winamax (FR),Sunderland,3.4
Sunderland,Aston Villa,2025-09-21T13:00:00Z,eu,Winamax (FR),Draw,3.3
Sunderland,Aston Villa,2025-09-21T13:00:00Z,eu,Winamax (DE),Aston Villa,1.88
Sunderland,Aston Villa,2025-09-21T13:00:00Z,eu,Winamax (DE),Sunderland,3.8
Sunderland,Aston Villa,2025-09-21T13:00:00Z,eu,Winamax (DE),Draw,3.6
Sunderland,Aston Villa,2025-09-21T13:00:00Z,eu,1xBet,Aston Villa,1.96
Sunderland,Aston Villa,2025-09-21T13:00:00Z,eu,1xBet,Sunderland,3.96
Sunderland,Aston Villa,2025-09-21T13:00:00Z,eu,1xBet,Draw,3.81
Sunderland,Aston Villa,2025-09-21T13:00:00Z,eu,888sport,Aston Villa,1.91
Sunderland,Aston Villa,2025-09-21T13:00:00Z,eu,888sport,Sunderland,3.75
Sunderland,Aston Villa,2025-09-21T13:00:00Z,eu,888sport,Draw,3.6
Sunderland,Aston Villa,2025-09-21T13:00:00Z,eu,MyBookie.ag,Aston Villa,1.88
Sunderland,Aston Villa,2025-09-21T13:00:00Z,eu,MyBookie.ag,Sunderland,3.75
Sunderland,Aston Villa,2025-09-21T13:00:00Z,eu,MyBookie.ag,Draw,3.5
Sunderland,Aston Villa,2025-09-21T13:00:00Z,eu,William Hill,Aston Villa,1.91
Sunderland,Aston Villa,2025-09-21T13:00:00Z,eu,William Hill,Sunderland,3.75
Sunderland,Aston Villa,2025-09-21T13:00:00Z,eu,William Hill,Draw,3.6
Sunderland,Aston Villa,2025-09-21T13:00:00Z,eu,Pinnacle,Aston Villa,1.92
Sunderland,Aston Villa,2025-09-21T13:00:00Z,eu,Pinnacle,Sunderland,3.98
Sunderland,Aston Villa,2025-09-21T13:00:00Z,eu,Pinnacle,Draw,3.57
Sunderland,Aston Villa,2025-09-21T13:00:00Z,eu,Betsson,Aston Villa,1.95
Sunderland,Aston Villa,2025-09-21T13:00:00Z,eu,Betsson,Sunderland,3.95
Sunderland,Aston Villa,2025-09-21T13:00:00Z,eu,Betsson,Draw,3.6
Sunderland,Aston Villa,2025-09-21T13:00:00Z,eu,Nordic Bet,Aston Villa,1.95
Sunderland,Aston Villa,2025-09-21T13:00:00Z,eu,Nordic Bet,Sunderland,3.95
Sunderland,Aston Villa,2025-09-21T13:00:00Z,eu,Nordic Bet,Draw,3.6
Sunderland,Aston Villa,2025-09-21T13:00:00Z,eu,Unibet (IT),Aston Villa,1.89
Sunderland,Aston Villa,2025-09-21T13:00:00Z,eu,Unibet (IT),Sunderland,3.95
Sunderland,Aston Villa,2025-09-21T13:00:00Z,eu,Unibet (IT),Draw,3.6
Sunderland,Aston Villa,2025-09-21T13:00:00Z,eu,Unibet (NL),Aston Villa,1.94
Sunderland,Aston Villa,2025-09-21T13:00:00Z,eu,Unibet (NL),Sunderland,4.1
Sunderland,Aston Villa,2025-09-21T13:00:00Z,eu,Unibet (NL),Draw,3.7
Sunderland,Aston Villa,2025-09-21T13:00:00Z,eu,Betfair,Aston Villa,1.96
Sunderland,Aston Villa,2025-09-21T13:00:00Z,eu,Betfair,Sunderland,3.55
Sunderland,Aston Villa,2025-09-21T13:00:00Z,eu,Betfair,Draw,3.45
Sunderland,Aston Villa,2025-09-21T13:00:00Z,eu,Betfair,Aston Villa,2.14
Sunderland,Aston Villa,2025-09-21T13:00:00Z,eu,Betfair,Sunderland,4.9
Sunderland,Aston Villa,2025-09-21T13:00:00Z,eu,Betfair,Draw,3.8
Bournemouth,Newcastle United,2025-09-21T13:00:00Z,eu,MyBookie.ag,Bournemouth,2.54
Bournemouth,Newcastle United,2025-09-21T13:00:00Z,eu,MyBookie.ag,Newcastle United,2.52
Bournemouth,Newcastle United,2025-09-21T13:00:00Z,eu,MyBookie.ag,Draw,3.44
Bournemouth,Newcastle United,2025-09-21T13:00:00Z,eu,Betfair,Bournemouth,2.58
Bournemouth,Newcastle United,2025-09-21T13:00:00Z,eu,Betfair,Newcastle United,2.78
Bournemouth,Newcastle United,2025-09-21T13:00:00Z,eu,Betfair,Draw,3.5
Bournemouth,Newcastle United,2025-09-21T13:00:00Z,eu,Betfair,Bournemouth,2.7
Bournemouth,Newcastle United,2025-09-21T13:00:00Z,eu,Betfair,Newcastle United,3.05
Bournemouth,Newcastle United,2025-09-21T13:00:00Z,eu,Betfair,Draw,3.7
Bournemouth,Newcastle United,2025-09-21T13:00:00Z,eu,William Hill,Bournemouth,2.5
Bournemouth,Newcastle United,2025-09-21T13:00:00Z,eu,William Hill,Newcastle United,2.5
Bournemouth,Newcastle United,2025-09-21T13:00:00Z,eu,William Hill,Draw,3.5
Bournemouth,Newcastle United,2025-09-21T13:00:00Z,eu,Winamax (DE),Bournemouth,2.55
Bournemouth,Newcastle United,2025-09-21T13:00:00Z,eu,Winamax (DE),Newcastle United,2.5
Bournemouth,Newcastle United,2025-09-21T13:00:00Z,eu,Winamax (DE),Draw,3.55
Bournemouth,Newcastle United,2025-09-21T13:00:00Z,eu,Winamax (FR),Bournemouth,2.35
Bournemouth,Newcastle United,2025-09-21T13:00:00Z,eu,Winamax (FR),Newcastle United,2.3
Bournemouth,Newcastle United,2025-09-21T13:00:00Z,eu,Winamax (FR),Draw,3.2
Bournemouth,Newcastle United,2025-09-21T13:00:00Z,eu,888sport,Bournemouth,2.5
Bournemouth,Newcastle United,2025-09-21T13:00:00Z,eu,888sport,Newcastle United,2.5
Bournemouth,Newcastle United,2025-09-21T13:00:00Z,eu,888sport,Draw,3.5
Bournemouth,Newcastle United,2025-09-21T13:00:00Z,eu,Parions Sport (FR),Bournemouth,2.4
Bournemouth,Newcastle United,2025-09-21T13:00:00Z,eu,Parions Sport (FR),Newcastle United,2.4
Bournemouth,Newcastle United,2025-09-21T13:00:00Z,eu,Parions Sport (FR),Draw,3.25
Bournemouth,Newcastle United,2025-09-21T13:00:00Z,eu,Unibet (IT),Bournemouth,2.6
Bournemouth,Newcastle United,2025-09-21T13:00:00Z,eu,Unibet (IT),Newcastle United,2.55
Bournemouth,Newcastle United,2025-09-21T13:00:00Z,eu,Unibet (IT),Draw,3.6
Bournemouth,Newcastle United,2025-09-21T13:00:00Z,eu,Unibet (NL),Bournemouth,2.7
Bournemouth,Newcastle United,2025-09-21T13:00:00Z,eu,Unibet (NL),Newcastle United,2.63
Bournemouth,Newcastle United,2025-09-21T13:00:00Z,eu,Unibet (NL),Draw,3.7
Bournemouth,Newcastle United,2025-09-21T13:00:00Z,eu,Tipico,Bournemouth,2.5
Bournemouth,Newcastle United,2025-09-21T13:00:00Z,eu,Tipico,Newcastle United,2.65
Bournemouth,Newcastle United,2025-09-21T13:00:00Z,eu,Tipico,Draw,3.5
Bournemouth,Newcastle United,2025-09-21T13:00:00Z,eu,Pinnacle,Bournemouth,2.56
Bournemouth,Newcastle United,2025-09-21T13:00:00Z,eu,Pinnacle,Newcastle United,2.67
Bournemouth,Newcastle United,2025-09-21T13:00:00Z,eu,Pinnacle,Draw,3.53
Bournemouth,Newcastle United,2025-09-21T13:00:00Z,eu,1xBet,Bournemouth,2.71
Bournemouth,Newcastle United,2025-09-21T13:00:00Z,eu,1xBet,Newcastle United,2.64
Bournemouth,Newcastle United,2025-09-21T13:00:00Z,eu,1xBet,Draw,3.6
Bournemouth,Newcastle United,2025-09-21T13:00:00Z,eu,Nordic Bet,Bournemouth,2.55
Bournemouth,Newcastle United,2025-09-21T13:00:00Z,eu,Nordic Bet,Newcastle United,2.68
Bournemouth,Newcastle United,2025-09-21T13:00:00Z,eu,Nordic Bet,Draw,3.6
Bournemouth,Newcastle United,2025-09-21T13:00:00Z,eu,Betsson,Bournemouth,2.55
Bournemouth,Newcastle United,2025-09-21T13:00:00Z,eu,Betsson,Newcastle United,2.68
Bournemouth,Newcastle United,2025-09-21T13:00:00Z,eu,Betsson,Draw,3.6
Arsenal,Manchester City,2025-09-21T15:30:00Z,eu,Parions Sport (FR),Arsenal,1.88
Arsenal,Manchester City,2025-09-21T15:30:00Z,eu,Parions Sport (FR),Manchester City,3.25
Arsenal,Manchester City,2025-09-21T15:30:00Z,eu,Parions Sport (FR),Draw,3.3
Arsenal,Manchester City,2025-09-21T15:30:00Z,eu,Tipico,Arsenal,1.95
Arsenal,Manchester City,2025-09-21T15:30:00Z,eu,Tipico,Manchester City,3.7
Arsenal,Manchester City,2025-09-21T15:30:00Z,eu,Tipico,Draw,3.6
Arsenal,Manchester City,2025-09-21T15:30:00Z,eu,Winamax (DE),Arsenal,1.96
Arsenal,Manchester City,2025-09-21T15:30:00Z,eu,Winamax (DE),Manchester City,3.5
Arsenal,Manchester City,2025-09-21T15:30:00Z,eu,Winamax (DE),Draw,3.65
Arsenal,Manchester City,2025-09-21T15:30:00Z,eu,1xBet,Arsenal,2.08
Arsenal,Manchester City,2025-09-21T15:30:00Z,eu,1xBet,Manchester City,3.67
Arsenal,Manchester City,2025-09-21T15:30:00Z,eu,1xBet,Draw,3.67
Arsenal,Manchester City,2025-09-21T15:30:00Z,eu,Marathon Bet,Arsenal,2.05
Arsenal,Manchester City,2025-09-21T15:30:00Z,eu,Marathon Bet,Manchester City,3.62
Arsenal,Manchester City,2025-09-21T15:30:00Z,eu,Marathon Bet,Draw,3.62
Arsenal,Manchester City,2025-09-21T15:30:00Z,eu,Winamax (FR),Arsenal,1.82
Arsenal,Manchester City,2025-09-21T15:30:00Z,eu,Winamax (FR),Manchester City,3.2
Arsenal,Manchester City,2025-09-21T15:30:00Z,eu,Winamax (FR),Draw,3.3
Arsenal,Manchester City,2025-09-21T15:30:00Z,eu,MyBookie.ag,Arsenal,1.96
Arsenal,Manchester City,2025-09-21T15:30:00Z,eu,MyBookie.ag,Manchester City,3.48
Arsenal,Manchester City,2025-09-21T15:30:00Z,eu,MyBookie.ag,Draw,3.55
Arsenal,Manchester City,2025-09-21T15:30:00Z,eu,888sport,Arsenal,2.0
Arsenal,Manchester City,2025-09-21T15:30:00Z,eu,888sport,Manchester City,3.5
Arsenal,Manchester City,2025-09-21T15:30:00Z,eu,888sport,Draw,3.5
Arsenal,Manchester City,2025-09-21T15:30:00Z,eu,William Hill,Arsenal,2.0
Arsenal,Manchester City,2025-09-21T15:30:00Z,eu,William Hill,Manchester City,3.5
Arsenal,Manchester City,2025-09-21T15:30:00Z,eu,William Hill,Draw,3.5
Arsenal,Manchester City,2025-09-21T15:30:00Z,eu,Pinnacle,Arsenal,1.94
Arsenal,Manchester City,2025-09-21T15:30:00Z,eu,Pinnacle,Manchester City,3.71
Arsenal,Manchester City,2025-09-21T15:30:00Z,eu,Pinnacle,Draw,3.73
Arsenal,Manchester City,2025-09-21T15:30:00Z,eu,Betsson,Arsenal,1.98
Arsenal,Manchester City,2025-09-21T15:30:00Z,eu,Betsson,Manchester City,3.7
Arsenal,Manchester City,2025-09-21T15:30:00Z,eu,Betsson,Draw,3.75
Arsenal,Manchester City,2025-09-21T15:30:00Z,eu,Nordic Bet,Arsenal,1.98
Arsenal,Manchester City,2025-09-21T15:30:00Z,eu,Nordic Bet,Manchester City,3.7
Arsenal,Manchester City,2025-09-21T15:30:00Z,eu,Nordic Bet,Draw,3.75
Arsenal,Manchester City,2025-09-21T15:30:00Z,eu,Unibet (IT),Arsenal,2.08
Arsenal,Manchester City,2025-09-21T15:30:00Z,eu,Unibet (IT),Manchester City,3.4
Arsenal,Manchester City,2025-09-21T15:30:00Z,eu,Unibet (IT),Draw,3.6
Arsenal,Manchester City,2025-09-21T15:30:00Z,eu,Unibet (NL),Arsenal,2.14
Arsenal,Manchester City,2025-09-21T15:30:00Z,eu,Unibet (NL),Manchester City,3.5
Arsenal,Manchester City,2025-09-21T15:30:00Z,eu,Unibet (NL),Draw,3.65
Arsenal,Manchester City,2025-09-21T15:30:00Z,eu,Betfair,Arsenal,2.08
Arsenal,Manchester City,2025-09-21T15:30:00Z,eu,Betfair,Manchester City,3.65
Arsenal,Manchester City,2025-09-21T15:30:00Z,eu,Betfair,Draw,3.7
Arsenal,Manchester City,2025-09-21T15:30:00Z,eu,Betfair,Arsenal,2.16
Arsenal,Manchester City,2025-09-21T15:30:00Z,eu,Betfair,Manchester City,4.0
Arsenal,Manchester City,2025-09-21T15:30:00Z,eu,Betfair,Draw,3.85
